age,gender,residence,competative_exams,access_to_internet,study_hours_per_day,has_scholarship,extracurricular_activities,fam_fin_status,health,location,f_edu,m_edu,f_job,m_job,alcoholic,additional_tuition,fam_size,fam_relation,prev_percent_1,prev_percent_2,prev_percent_3,TARGET_PREDICTION_PERCENT,Predicted_Target
19,F,H,0,1,3,0,1,3,4,R,3,3,0,0,1,0,4,5,91,78,87,85,81.95041
20,F,H,0,0,4,1,1,3,4,U,4,4,1,1,1,0,4,4,74,71,88,76,76.84053
19,F,D,1,1,4,0,0,5,5,U,5,4,1,1,0,1,3,5,92,92,89,95,95.14871
20,F,H,0,1,2,1,1,3,3,R,3,1,0,0,1,0,5,5,79,79,60,82,76.136154
23,M,D,1,1,3,0,0,2,4,R,4,2,0,0,0,0,6,5,56,73,49,88,66.3939
21,F,D,1,0,1,0,1,1,3,U,5,2,1,0,1,0,5,3,68,66,62,67,65.74701
16,F,D,1,1,3,0,1,5,2,U,4,4,1,1,1,0,4,3,54,65,89,97,78.6889
26,M,H,1,1,4,1,1,3,5,R,4,1,1,0,4,1,3,5,78,80,82,99,91.67735
29,M,H,0,1,5,0,1,5,2,U,5,4,1,1,1,0,3,4,71,81,89,80,81.01509
15,M,D,1,1,2,0,1,3,4,U,2,2,1,0,3,1,3,5,70,73,97,81,75.39396
19,M,H,0,1,3,0,1,4,5,R,5,2,1,1,0,0,4,5,97,97,95,96,92.62431
23,F,D,0,1,8,0,1,2,5,R,4,2,1,0,0,1,3,5,68,79,82,84,82.813065
15,F,D,0,1,1,0,0,3,1,R,3,3,1,1,4,1,5,5,90,89,91,90,84.27131
16,M,D,0,1,2,0,1,4,5,R,2,2,1,1,3,1,5,5,88,90,67,79,82.16707
20,M,H,0,1,0,0,1,3,4,U,4,4,1,0,1,0,3,3,94,90,78,87,87.28674
23,M,D,0,1,10,0,1,1,5,U,2,3,0,0,0,0,3,4,71,62,68,79,72.19147
20,F,D,0,1,3,0,0,4,5,U,4,2,1,0,1,0,4,5,85,84,84,84,84.89947
18,M,D,1,1,6,1,1,2,5,U,3,3,1,1,1,0,4,5,79,74,70,68,72.77789
15,M,D,0,1,4,0,1,5,5,U,2,2,1,0,2,1,4,5,87,100,91,89,91.52874
21,M,D,1,1,4,0,1,2,4,R,2,2,1,0,0,0,6,5,82,87,71,83,80.40062
20,M,H,1,1,3,0,0,3,3,U,3,3,0,1,1,1,4,4,92,90,70,84,83.157486
15,F,D,1,1,2,0,0,2,4,U,2,2,0,0,4,1,3,4,78,80,82,79,78.32322
23,M,H,1,1,1,0,1,4,5,U,1,2,0,0,0,1,5,4,65,77,96,86,80.547485
22,F,D,0,1,5,1,1,3,5,U,3,1,1,0,1,0,3,4,75,73,73,77,74.47768
24,M,H,1,1,7,1,1,5,4,R,2,1,1,0,4,0,5,5,63,66,52,60,65.91847
18,M,H,1,1,2,0,1,3,5,U,4,4,1,0,0,0,3,4,56,80,65,89,70.8811
20,M,H,1,1,6,0,0,4,5,U,3,1,1,0,0,0,4,5,70,68,68,81,71.3024
22,F,D,0,1,1,0,0,5,5,U,4,5,1,1,3,0,5,4,61,63,62,63,74.69942
19,F,H,0,1,5,0,1,3,5,U,5,4,1,1,0,1,4,5,95,97,91,92,91.26447
19,F,H,0,1,5,0,1,4,5,U,5,4,1,1,0,0,3,3,96,96,93,94,92.91489
22,M,H,0,1,5,0,1,3,3,U,3,3,1,1,3,1,6,4,89,90,76,80,79.864716
21,F,D,1,1,6,1,1,3,3,R,3,3,1,0,2,1,5,5,93,88,80,87,86.32838
27,M,H,1,1,9,0,0,5,5,U,3,2,1,0,1,0,5,3,62,80,76,63,68.400955
22,M,H,0,1,1,1,0,2,4,R,2,1,1,0,0,1,8,5,87,80,53,67,69.986305
18,M,H,1,0,4,0,4,3,3,U,2,2,1,1,0,1,3,5,86,81,98,94,95.97645
22,F,H,1,1,2,1,0,4,5,U,4,4,1,0,0,1,4,5,85,88,76,82,89.12189
19,F,D,0,1,5,1,1,2,5,U,5,5,1,1,0,0,3,5,87,88,85,85,86.46896
24,M,D,0,1,4,0,0,3,3,R,1,2,0,0,0,0,5,5,60,53,73,53,61.87631
19,M,D,1,1,3,0,1,3,2,U,4,5,1,0,0,0,10,5,89,65,71,75,80.97781
27,M,D,0,0,6,0,1,4,5,R,1,3,1,1,4,0,5,2,71,82,79,71,73.82999
23,F,D,0,1,1,0,0,2,4,U,3,2,1,0,0,1,5,5,60,52,73,77,72.40207
20,M,H,1,1,4,1,2,3,4,U,4,3,1,0,0,0,5,4,76,82,88,83,80.724174
23,M,H,0,1,4,0,1,2,3,R,5,2,1,0,0,0,5,5,56,61,80,53,67.038025
20,F,H,0,1,3,1,1,4,5,U,5,5,1,0,0,1,5,3,87,92,89,90,88.78989
19,F,D,1,1,5,0,1,5,5,U,5,3,0,1,0,0,5,5,46,59,71,73,71.13607
19,M,D,0,1,2,0,1,3,3,U,3,5,1,0,1,0,5,4,90,85,74,90,82.37224
23,M,H,0,1,8,0,0,4,4,R,3,1,1,0,2,1,4,4,75,83,68,90,79.94922
19,M,D,0,1,5,0,1,3,2,U,5,2,1,1,0,1,4,5,90,94,87,91,86.67047
18,F,H,1,1,8,1,0,3,4,R,2,1,1,0,1,1,4,3,76,61,89,64,79.430534
21,M,D,1,1,6,1,1,4,4,U,4,4,0,1,2,1,5,4,88,92,76,81,81.90501
15,F,D,1,1,2,0,0,5,5,R,4,2,1,1,3,0,3,4,79,90,87,81,83.72698
22,F,H,1,1,2,1,0,3,3,U,4,3,1,0,1,1,3,3,86,89,77,92,90.14302
22,M,H,0,1,2,0,1,3,3,R,3,3,1,0,3,0,4,4,88,83,64,78,77.03654
24,M,D,0,0,5,1,1,5,4,R,5,4,1,1,0,0,4,4,85,88,82,86,91.19889
22,F,H,1,1,3,0,1,2,4,R,1,5,1,0,0,1,6,5,94,98,87,56,85.232285
19,M,D,0,1,5,1,0,4,2,R,3,5,0,0,0,0,2,4,87,78,98,92,84.86477
18,M,H,1,1,6,1,1,3,4,U,3,1,0,0,1,0,6,5,71,85,89,91,83.456436
11,M,H,0,0,4,0,1,3,5,R,4,5,0,0,0,1,14,4,73,73,67,71,75.76665
23,M,D,1,1,6,1,1,3,5,U,2,5,1,1,0,1,4,4,55,54,88,64,77.598724
22,M,H,1,1,22,0,1,5,4,U,4,3,0,0,1,0,5,3,93,88,70,84,83.77282
19,M,D,0,1,7,0,1,4,5,U,5,4,1,1,0,0,4,5,94,93,92,93,94.52675
21,F,D,1,1,2,0,1,3,4,U,3,2,1,0,0,0,2,5,71,87,71,83,83.944595
21,M,H,0,1,3,0,1,5,3,U,5,2,1,0,0,1,6,5,92,90,61,71,75.647896
26,F,H,0,0,9,1,1,3,3,R,3,2,1,0,3,1,4,5,69,61,64,63,70.479866
20,F,D,1,1,2,0,1,3,4,U,5,4,1,0,1,0,4,3,80,79,85,76,74.67064
20,M,H,1,1,2,0,0,3,3,U,3,3,1,0,1,0,4,4,93,90,77,87,86.06818
16,F,D,1,1,3,1,0,2,3,R,4,3,1,0,2,1,4,5,85,93,90,88,88.720245
22,M,D,0,1,1,0,0,3,4,U,4,3,1,0,1,0,4,5,60,60,60,60,68.392715
18,M,H,0,1,3,0,1,4,1,U,4,5,1,0,1,0,6,5,90,87,60,84,81.530136
21,M,D,0,1,3,0,0,5,5,U,4,2,1,1,0,2,5,5,83,84,90,86,91.683105
22,F,H,0,1,4,0,1,4,5,R,1,2,1,0,1,0,5,4,79,55,83,80,70.49398
20,F,H,0,1,4,0,0,2,3,R,2,2,1,1,1,0,4,2,93,88,77,82,83.51182
22,F,H,1,1,3,0,1,4,3,U,3,3,1,1,0,1,4,3,89,92,80,90,90.52355
21,M,H,1,1,6,1,1,2,4,U,2,1,1,0,1,0,5,5,82,82,46,85,73.917656
20,M,D,0,1,5,0,1,4,4,U,5,5,1,1,0,0,4,5,94,93,93,92,92.13557
15,F,D,1,1,3,0,1,3,5,U,4,2,1,1,1,0,4,3,73,74,78,78,72.75146
19,F,H,0,1,5,0,0,4,4,U,5,5,1,1,0,0,4,5,83,79,74,77,79.31232
20,M,D,0,0,4,0,0,3,3,U,3,3,0,0,1,0,4,3,92,88,80,87,91.16797
20,F,D,0,1,3,1,0,2,4,U,2,4,1,0,0,0,3,5,74,72,70,74,79.50662
26,M,H,0,1,6,1,1,4,5,R,3,1,1,0,4,0,3,3,45,56,41,47,62.60406
24,M,D,1,1,10,1,1,3,5,R,5,3,1,1,1,1,4,4,90,92,86,91,93.54506
21,M,H,0,1,2,1,1,3,5,U,3,5,0,1,0,0,4,5,95,78,56,95,90.41016
19,F,D,1,1,3,0,1,3,5,U,5,4,1,0,0,0,4,5,91,92,94,90,87.526794
28,M,H,1,0,7,0,1,4,3,R,2,2,1,1,2,0,3,5,56,69,71,76,73.34317
21,F,H,1,1,3,1,1,4,5,R,3,1,0,0,0,1,4,4,67,75,77,78,79.80496
15,M,D,0,1,2,1,1,4,4,R,2,2,1,0,0,0,6,5,29,50,45,41,51.412132
24,M,H,1,1,4,0,1,3,4,R,4,4,1,0,1,1,4,5,94,90,69,84,82.43092
22,M,H,0,1,6,0,1,5,2,U,3,3,1,0,0,1,4,3,75,84,87,73,78.31575
23,M,H,0,1,5,1,0,2,5,R,3,4,0,0,0,1,6,4,67,96,58,73,69.24066
23,F,H,1,1,2,1,0,2,3,U,3,3,1,0,1,1,5,3,86,89,80,87,90.83493
24,F,H,0,1,3,1,0,5,5,U,1,0,0,0,2,0,4,1,81,69,95,82,85.36852
21,F,H,0,1,4,1,1,4,5,U,4,3,0,0,1,0,4,5,86,80,76,77,79.278885
25,M,H,1,1,3,0,1,4,2,U,5,5,0,0,0,0,5,5,85,90,92,87,89.8699
18,M,H,1,1,8,0,1,4,4,U,4,5,0,0,1,0,5,4,92,91,77,87,86.87726
21,F,H,0,1,1,0,1,2,5,R,3,2,1,0,0,0,2,5,65,67,95,91,80.67224
15,M,D,1,1,3,0,1,3,4,U,4,3,1,1,1,0,3,5,89,92,81,93,87.07417
15,M,H,1,1,4,0,1,2,3,U,4,4,0,0,2,1,3,1,86,84,76,80,80.63673
19,M,D,1,1,8,0,1,4,5,U,5,4,1,1,0,0,3,5,78,81,79,80,83.27457
21,M,H,1,1,7,1,0,5,4,R,2,1,1,0,2,0,3,3,75,82,71,92,83.977455
16,F,D,0,1,1,0,0,4,2,U,4,4,1,1,1,0,4,4,72,71,69,76,77.105064
25,M,H,0,1,8,1,1,4,4,R,3,1,1,0,4,1,4,3,70,65,66,99,78.25151
21,F,H,1,1,5,1,0,1,5,R,5,4,0,1,1,1,2,1,95,59,49,81,81.74133
15,M,D,1,0,2,0,0,4,5,U,4,2,1,1,2,0,5,4,79,77,79,76,82.27589
19,F,H,1,1,4,0,1,4,4,U,4,4,1,0,1,0,4,5,81,84,82,82,81.977585
20,F,D,1,0,5,0,1,1,2,U,3,5,1,0,2,1,2,3,88,76,91,90,83.104836
20,M,H,1,1,2,1,1,3,4,R,3,3,1,0,1,0,4,5,76,74,90,80,76.33057
19,M,D,1,1,2,0,1,3,5,U,5,5,1,1,1,0,3,5,83,87,70,75,78.57419
15,M,D,1,1,1,0,0,4,1,U,4,2,1,0,3,1,4,2,69,78,84,80,81.98083
23,F,H,0,1,6,0,0,3,3,R,3,3,1,0,2,1,5,5,88,92,72,84,78.47344
23,F,D,0,1,5,1,1,2,4,U,4,3,1,0,4,1,2,5,76,90,83,85,86.61436
20,M,D,0,1,0,0,1,4,4,U,4,4,1,1,1,0,4,5,80,80,80,76,83.75933
22,F,H,0,1,5,0,0,3,3,R,5,0,0,1,1,1,3,1,81,82,80,85,84.93727
21,F,D,0,1,4,0,0,2,3,U,2,3,0,0,0,1,2,3,82,53,71,50,69.58274
26,F,D,0,1,3,0,1,2,3,R,5,1,1,0,3,0,5,2,53,69,61,61,67.772705
14,F,D,0,1,7,0,1,1,1,U,4,1,1,0,0,0,5,3,74,73,81,76,82.356125
16,F,D,1,1,2,0,1,4,3,U,2,2,1,1,1,0,2,3,94,80,96,78,85.5808
18,M,H,0,1,6,0,1,2,5,R,1,1,0,0,1,0,4,5,80,79,78,84,76.86886
19,F,D,1,1,2,0,0,4,4,U,4,5,1,1,0,0,5,4,71,73,67,92,76.75256
23,F,H,0,1,2,0,1,3,4,R,3,3,0,1,1,0,3,4,78,77,80,86,79.81454
20,M,D,0,1,4,0,0,3,3,U,3,3,1,0,1,0,4,3,91,89,80,87,84.05859
18,M,D,0,1,5,0,1,3,5,U,5,4,1,1,0,0,4,5,80,84,82,81,83.60422
24,M,D,0,1,2,0,1,3,4,U,2,2,1,0,0,1,7,5,80,86,92,68,82.56879
15,M,D,0,1,1,0,0,4,5,U,4,4,1,1,4,0,3,5,66,92,85,81,85.90155
19,M,D,1,1,1,0,1,2,2,U,3,2,1,0,0,0,4,5,83,51,63,78,67.84187
16,M,D,0,1,2,0,1,1,5,U,4,2,1,1,1,0,3,4,82,80,80,80,80.818115
18,M,H,0,1,2,0,1,3,3,U,4,4,1,0,0,0,3,4,82,82,67,80,76.94267
21,M,H,1,1,3,0,1,2,4,R,3,2,1,1,0,0,6,4,52,62,59,60,61.74819
21,M,D,0,1,3,0,0,3,4,U,1,1,1,0,1,0,4,5,76,76,75,76,75.63818
16,F,H,0,1,7,0,1,3,5,U,3,3,1,1,0,1,4,1,86,96,93,91,89.45451
21,F,D,1,0,6,1,1,4,4,R,4,4,0,1,2,1,5,4,90,92,76,81,83.358444
15,F,D,1,0,1,0,1,3,5,R,2,3,0,1,1,0,4,3,55,45,65,60,56.182613
27,M,D,1,1,2,0,1,4,5,R,1,0,0,0,4,1,5,2,51,43,49,48,58.357986
22,F,H,1,0,2,1,1,4,4,U,1,0,0,0,4,0,3,2,38,30,54,41,54.09346
16,F,D,0,1,1,0,0,3,5,U,2,2,1,1,1,0,5,1,74,77,74,76,78.05173
21,F,D,0,1,1,0,1,1,3,U,1,1,0,0,1,0,4,3,87,80,82,84,81.32677
19,M,D,1,1,3,1,1,4,5,U,5,1,1,0,1,0,8,5,83,90,77,71,79.156136
24,F,D,1,1,10,0,0,1,1,U,5,3,1,1,2,0,5,5,81,94,81,85,90.64243
22,F,H,1,1,5,1,0,2,4,R,2,5,1,0,1,1,5,3,90,92,78,91,86.7793
22,F,D,1,1,7,1,0,2,4,R,4,1,1,0,1,0,5,4,82,87,82,97,88.56735
15,M,H,0,1,2,0,1,3,5,U,4,3,0,1,2,0,5,4,87,91,89,90,85.354706
18,M,H,1,0,14,0,0,1,4,R,5,4,1,1,2,1,5,3,64,51,67,61,65.066154
19,M,D,0,1,8,0,1,4,5,U,5,5,1,1,0,0,3,5,96,97,94,93,98.439476
20,M,H,1,0,5,0,0,3,4,U,3,3,1,1,0,1,5,5,85,83,95,88,88.07099
16,F,D,1,1,2,0,0,4,3,U,4,3,1,0,2,1,4,2,67,78,91,78,77.569565
21,F,H,1,0,5,0,0,2,2,R,0,3,0,0,3,0,6,5,66,61,65,67,64.80404
16,F,H,1,1,4,0,0,2,3,U,2,2,1,1,1,0,4,5,73,71,72,73,74.73064
19,F,H,0,1,2,0,1,4,4,U,5,5,1,1,1,1,5,4,97,94,72,88,87.468704
19,F,H,0,1,6,0,1,4,5,U,2,5,1,1,0,0,4,5,75,80,74,78,83.661606
20,F,D,1,1,5,1,0,3,3,R,1,1,1,1,2,0,3,3,85,88,75,94,87.66751
19,M,D,0,1,2,0,1,2,3,U,3,4,0,0,0,0,6,3,85,87,88,82,85.42603
21,F,D,1,1,3,0,0,4,5,U,5,5,1,0,1,0,5,5,75,73,74,78,75.20854
15,M,D,0,1,2,0,1,3,5,U,3,4,1,1,3,1,4,4,97,100,84,93,93.36809
27,M,H,1,1,5,0,0,3,3,R,1,1,0,0,1,1,6,4,90,85,66,80,74.49543
20,M,D,1,1,2,1,1,3,4,U,4,3,0,0,1,0,4,5,70,69,89,84,76.80812
25,M,H,1,1,4,0,1,5,5,U,2,4,0,0,0,0,2,4,95,98,87,94,93.41658
15,F,H,0,1,2,0,1,4,2,R,4,3,1,1,2,0,3,4,34,39,45,44,47.08195
22,M,H,1,1,4,1,0,3,2,U,3,3,1,0,1,0,4,3,98,99,75,91,95.002975
19,F,D,0,1,7,0,1,4,5,U,5,4,1,1,0,0,4,5,92,91,89,91,89.52754
23,F,D,0,1,8,1,0,5,4,R,5,1,1,0,1,1,4,5,89,90,89,98,101.63011
22,M,D,1,1,5,0,4,5,3,U,4,3,1,1,0,0,4,3,84,97,96,93,95.680016
22,M,H,0,1,3,1,0,4,3,U,5,1,1,0,3,1,4,2,82,99,73,85,89.460236
20,M,H,0,1,8,1,1,3,4,R,2,1,1,0,1,0,4,5,86,93,88,75,87.603516
20,F,H,0,1,3,0,0,3,4,U,5,5,1,1,1,0,4,5,98,93,75,88,87.96711
22,F,H,1,1,2,1,0,4,5,U,4,4,1,0,0,1,4,5,85,88,76,91,89.12189
23,F,D,0,1,4,1,1,5,5,U,2,4,0,1,0,1,6,3,41,94,80,84,86.51406
10,F,D,0,0,3,0,1,4,5,R,2,4,0,0,0,0,15,4,76,70,69,71,80.89734
8,M,D,0,1,8,0,1,1,4,U,4,0,1,0,0,1,9,1,83,87,69,79,81.489426
23,F,D,1,1,10,0,1,1,3,R,3,2,1,1,1,0,5,5,95,80,97,91,88.90227
19,F,H,1,1,5,1,1,5,4,R,3,1,1,0,4,0,5,5,89,92,86,92,90.94231
27,F,H,0,1,7,1,0,2,3,R,3,1,1,0,4,1,4,5,88,91,82,93,93.92523
21,M,D,0,1,1,0,0,1,3,R,1,2,1,1,1,0,4,4,68,67,67,8,54.530727
19,M,H,1,1,4,0,1,3,4,R,3,3,1,0,1,0,3,3,80,83,75,75,82.02435
24,M,H,1,0,8,1,1,5,4,R,2,1,1,1,3,0,5,4,51,60,82,64,68.85182
16,F,D,1,1,2,0,1,2,2,U,2,1,1,1,1,0,5,5,89,87,96,94,91.16182
23,F,D,0,1,3,1,1,3,4,R,5,2,1,1,2,0,4,2,78,92,89,86,88.73444
20,F,H,1,0,8,0,1,2,1,R,5,3,1,0,3,0,4,5,78,73,70,77,71.32864
20,M,H,0,1,7,0,0,4,3,U,4,5,0,0,1,0,4,5,93,90,65,83,80.8564
18,M,D,0,1,2,0,1,4,3,U,4,5,1,0,1,0,3,5,88,87,85,89,88.65547
20,F,H,0,1,2,0,1,3,4,R,2,2,0,1,0,1,4,5,49,47,49,88,63.537224
20,M,D,0,1,8,0,0,1,3,U,2,2,0,0,1,0,3,4,87,90,90,78,84.12555
21,M,H,0,1,5,0,1,3,5,R,3,2,1,0,0,1,5,5,81,71,71,73,67.35435
19,F,H,1,1,2,0,1,3,4,U,4,3,1,0,0,0,3,3,68,65,58,75,70.71679
23,F,H,1,1,3,0,1,3,2,U,3,2,1,1,0,1,3,2,86,89,77,89,85.503
21,F,H,0,1,2,0,1,5,5,U,5,3,1,0,0,1,5,5,50,91,60,49,68.903534
22,F,H,1,1,4,1,1,3,4,R,1,1,0,0,1,0,4,4,72,71,69,76,76.02272
21,F,H,1,1,5,1,1,4,5,R,2,1,1,0,1,0,3,3,78,80,71,97,84.71217
21,M,H,1,1,5,0,1,4,5,R,2,3,1,1,0,1,5,5,89,86,58,51,71.164055
20,M,H,0,1,4,1,1,3,5,R,4,3,0,0,1,0,5,5,75,76,89,87,78.7449
20,F,D,0,1,2,0,1,3,5,R,4,2,0,1,0,1,5,4,49,65,71,59,67.497925
21,F,D,0,1,1,1,0,4,4,U,2,4,1,0,1,0,4,4,86,80,80,82,87.03581
20,F,H,1,1,4,1,1,2,3,R,3,1,1,0,1,0,4,3,78,82,71,98,80.52567
20,F,D,0,1,1,1,1,3,3,U,3,2,1,0,1,0,4,5,78,88,81,82,85.37288
18,F,D,0,1,1,0,1,3,2,U,2,4,1,0,0,1,4,5,98,85,86,86,90.51961
23,F,H,1,0,7,0,0,1,5,U,2,2,1,1,4,1,4,3,80,81,82,85,83.898834
22,F,H,0,1,5,0,1,4,4,U,4,4,1,0,3,1,6,5,87,90,77,82,82.90254
19,F,H,0,1,1,1,1,2,4,R,3,1,0,0,1,0,4,5,75,80,72,75,78.46438
20,M,D,0,1,3,1,0,2,5,R,2,1,0,0,0,0,4,3,83,88,81,69,85.58586
20,M,H,0,1,2,1,0,3,4,R,3,2,0,0,1,0,5,4,93,96,78,88,88.89678
22,M,D,1,1,2,0,1,1,3,R,2,3,0,0,0,1,4,5,89,84,78,88,79.81827
17,F,D,0,1,4,0,1,4,5,R,1,2,0,1,1,1,14,4,91,79,89,86,85.75482
21,F,D,1,1,3,0,1,3,4,U,3,2,1,0,2,0,5,4,72,75,78,8,67.34339
21,M,D,0,1,4,1,1,3,4,R,3,4,1,0,1,0,3,1,87,89,76,97,90.50955
21,F,H,1,1,5,1,1,3,5,U,1,1,0,0,1,0,6,5,75,74,67,95,74.71064
21,M,H,1,1,6,0,1,5,3,U,3,4,1,1,1,0,15,2,81,78,93,84,90.35774
22,M,D,1,1,3,1,2,4,5,U,5,2,1,0,0,2,3,3,95,87,93,91,96.15758
21,M,H,0,1,4,1,1,2,3,R,3,1,1,0,1,0,5,3,87,93,94,91,89.4888
17,M,D,0,1,1,0,1,4,5,U,3,2,1,1,2,0,5,5,86,89,77,97,84.40146
19,M,D,0,1,2,1,1,3,5,R,5,2,1,1,0,0,4,4,89,77,75,84,88.41456
16,M,H,0,1,2,0,1,2,3,U,2,2,1,1,1,0,5,4,91,94,88,89,88.62465
21,F,D,0,1,3,0,0,2,4,U,5,5,1,0,0,0,3,3,79,83,81,80,79.330215
20,F,H,1,1,3,1,0,3,5,U,5,5,1,1,0,1,4,5,79,39,68,65,78.21458
20,M,D,0,1,4,0,0,3,5,R,5,2,1,1,0,0,5,4,49,91,64,90,72.1536
19,M,H,0,1,5,0,1,5,3,U,2,3,1,0,0,1,6,3,69,67,66,95,69.4594
22,M,H,0,1,5,0,1,4,4,R,4,4,0,1,2,1,6,4,90,87,75,80,77.32187
15,F,D,0,1,2,0,1,4,4,U,1,1,1,1,2,0,4,4,77,82,81,79,82.903275
18,M,D,0,0,0,2,1,3,5,U,2,4,1,0,0,0,4,5,93,89,92,89,97.725586
21,M,D,1,0,6,1,1,3,3,R,3,3,1,1,2,1,5,5,88,87,78,83,77.89403
21,F,D,0,1,2,1,0,3,5,U,1,4,1,1,0,1,4,4,81,25,69,98,83.14555
22,M,D,0,1,5,0,2,4,5,U,4,3,1,0,0,1,4,4,90,80,89,85,85.399475
21,F,D,1,0,6,1,1,2,2,R,2,2,0,0,2,1,5,2,92,89,78,84,83.9527
25,F,D,0,1,2,0,1,3,2,U,3,3,1,0,1,1,5,5,82,86,59,86,80.342514
15,F,D,0,1,4,1,1,4,1,U,1,1,1,1,4,0,4,3,65,77,75,72,76.81232
24,M,D,0,0,9,1,1,2,3,R,4,4,0,0,0,1,11,4,70,73,93,78,78.867775
19,F,D,1,1,4,0,1,4,4,U,5,5,0,1,0,0,4,5,71,71,67,69,76.2263
21,M,H,0,1,2,0,0,1,1,R,1,1,0,0,2,1,6,1,55,69,72,65,67.06469
19,M,H,0,1,2,1,0,2,5,U,2,2,1,0,1,0,3,5,84,88,65,96,88.52887
16,M,D,0,1,2,0,0,3,4,U,2,2,1,0,4,1,4,4,84,100,95,90,93.911606
20,F,D,0,1,4,0,0,3,4,U,2,2,1,1,1,0,4,5,75,96,100,90,93.76997
24,F,D,0,1,5,1,0,4,5,R,1,3,1,0,3,1,3,4,96,93,78,87,96.58353
19,F,D,0,1,4,1,0,5,4,R,3,2,1,1,2,1,3,3,79,85,82,94,88.03995
23,M,H,1,1,7,1,1,3,3,R,3,3,0,1,0,0,3,3,88,90,79,86,85.27698
21,F,D,1,1,5,0,3,3,3,U,4,3,1,1,0,2,5,3,99,97,98,95,98.84536
18,M,D,1,0,6,0,1,1,5,R,4,3,0,1,3,1,3,2,62,76,84,73,74.75555
20,M,H,0,1,5,0,0,4,4,U,4,4,0,0,1,0,7,5,96,98,90,95,91.02075
27,M,H,1,1,9,0,1,2,3,R,3,2,1,0,3,0,5,2,65,81,59,70,71.40615
21,M,H,1,1,4,0,1,2,4,R,3,5,1,0,4,0,6,5,74,64,84,71,69.91343
21,F,D,0,1,5,0,0,1,3,R,1,3,1,1,1,0,4,3,84,86,87,87,80.18909
19,M,D,0,1,4,1,1,2,4,U,5,4,1,1,0,0,4,5,94,93,94,92,90.71415
28,M,H,1,0,8,1,0,3,5,R,2,1,1,0,4,1,3,3,65,77,63,65,68.649796
22,M,D,1,0,9,1,1,5,5,R,4,1,1,1,2,1,4,4,65,69,90,66,70.68733
22,M,H,1,1,5,1,1,3,4,R,4,3,0,0,2,1,5,4,93,86,76,81,84.989075
21,M,H,0,1,3,1,0,4,3,U,3,4,1,1,1,0,5,4,87,86,89,87,90.86601
24,F,H,1,1,6,1,0,2,5,U,5,3,0,0,0,1,6,5,77,71,61,71,69.40552
15,F,H,0,1,4,0,0,5,3,R,3,1,1,1,2,0,3,4,89,88,96,65,84.48396
19,F,H,0,1,3,0,1,3,4,U,4,3,1,0,0,0,2,5,64,65,81,89,77.08034
23,F,H,1,1,1,0,1,1,5,R,1,4,1,0,0,0,5,4,62,84,71,73,76.62685
22,M,H,0,1,3,1,0,3,3,R,1,1,0,0,1,0,3,5,75,75,78,73,78.72233
20,M,D,0,0,6,0,0,5,4,R,5,4,0,0,2,0,5,5,99,87,55,94,90.88889
20,M,D,0,1,4,0,0,4,3,U,4,3,0,1,1,0,4,2,90,89,79,85,85.46086
19,M,H,0,1,4,1,1,2,1,U,5,4,1,0,0,0,4,5,88,92,89,90,90.26349
24,F,H,1,1,4,1,1,2,3,U,3,3,0,1,0,1,5,4,71,67,80,84,75.27812
23,F,H,1,1,6,1,1,3,5,R,2,5,1,0,0,1,4,5,51,73,52,83,72.402596
22,F,D,0,1,2,0,1,4,4,U,4,4,1,0,1,0,4,4,80,73,78,83,77.0042
19,M,D,1,1,3,2,2,4,5,U,2,3,1,0,0,2,4,3,97,90,96,92,93.687645
20,M,D,1,0,6,0,0,4,2,R,2,5,0,0,0,1,4,4,78,36,88,98,88.563095
23,F,D,0,1,2,0,1,1,3,U,3,3,1,0,0,0,3,5,85,88,85,87,86.61664
18,M,D,0,1,4,1,0,5,5,U,5,5,1,1,0,0,3,3,76,72,77,78,81.37106
25,M,H,0,0,11,0,1,1,4,U,3,2,1,1,1,0,4,2,55,43,54,51,57.315323
22,M,H,1,1,13,1,1,1,5,U,5,1,1,0,2,0,3,4,61,77,78,72,76.750824
23,M,D,1,1,8,1,0,5,3,R,2,1,1,0,0,0,4,1,59,79,48,62,69.70386
21,M,H,1,1,4,1,1,2,4,R,5,3,1,0,1,0,4,5,90,90,80,87,88.69835
19,F,H,1,1,1,0,1,3,3,R,5,5,0,1,0,0,3,4,77,51,62,49,72.80169
22,M,D,0,1,4,1,1,3,5,U,1,0,0,0,1,0,3,4,44,33,52,43,55.143936
31,F,H,1,1,1,1,1,2,5,R,1,0,0,1,1,0,6,5,86,87,70,81,81.72461
23,M,D,0,0,5,1,1,3,4,U,3,3,1,1,1,1,3,4,89,92,79,89,86.58746
15,M,D,0,1,2,1,0,4,3,R,2,3,1,0,4,1,4,4,50,91,84,79,79.49313
19,F,H,1,1,3,0,1,4,3,U,5,4,1,1,0,0,4,5,75,87,85,82,84.58121
20,F,D,0,1,7,0,1,3,4,R,3,3,1,0,0,1,4,4,98,65,96,93,89.9194
23,F,D,0,1,5,0,1,4,4,R,4,2,1,0,0,1,3,5,44,54,62,98,68.462975
21,F,D,1,1,6,1,1,3,3,U,3,3,0,0,1,0,3,3,92,91,76,81,83.3127
21,M,H,0,0,0,2,3,4,3,R,4,2,1,0,0,2,3,4,85,98,97,96,98.04211
20,M,D,0,1,0,0,1,4,4,U,5,5,1,1,0,0,4,5,80,80,80,76,86.4453
21,M,D,1,1,2,1,1,5,5,U,4,5,1,0,0,1,4,5,98,99,98,99,98.2876
20,F,H,1,0,4,0,0,5,3,U,4,3,1,0,4,0,4,4,72,71,73,76,71.223145
17,F,D,1,1,6,0,0,3,4,U,2,2,1,0,1,0,4,3,97,97,97,97,91.86755
16,M,D,0,1,1,0,1,2,5,U,4,3,1,1,1,0,3,3,85,80,75,82,81.40895
16,F,D,0,1,2,1,1,1,5,U,2,2,1,0,2,1,3,4,50,74,64,90,74.68262
18,F,D,0,1,1,0,1,1,4,U,3,5,1,0,4,0,3,4,87,73,65,72,73.94325
23,M,D,0,0,5,1,1,3,4,U,3,3,1,1,1,1,3,4,89,92,79,92,86.58746
21,F,D,0,1,1,0,0,3,5,R,4,2,0,1,0,0,2,5,53,60,59,60,63.193466
25,F,D,1,1,14,1,0,4,5,R,5,2,1,1,4,1,3,5,73,72,74,73,75.1193
22,F,D,0,0,7,1,0,1,1,R,0,1,0,1,3,0,6,1,72,72,75,77,78.22128
28,F,D,1,1,6,1,0,2,3,R,3,2,1,1,1,0,4,5,62,57,61,62,65.69293
17,M,D,1,0,2,0,0,4,5,R,4,3,1,0,4,1,4,5,93,100,93,95,92.760895
20,F,D,1,1,8,1,1,3,1,U,0,1,1,0,4,1,2,1,67,69,65,72,74.632416
22,F,H,0,1,5,0,1,4,4,U,4,4,0,0,1,0,3,3,91,87,75,80,81.776215
19,F,D,0,1,7,0,0,3,5,R,5,2,1,0,4,1,4,3,55,83,60,65,66.65722
16,M,D,1,1,2,1,1,4,3,R,2,2,1,1,1,1,4,4,98,89,92,91,94.07182
10,F,H,0,0,4,0,0,4,2,R,5,4,0,0,0,1,13,5,88,81,84,84,85.415504
19,M,H,0,1,3,1,1,2,5,R,3,1,0,0,1,0,4,5,76,80,87,75,79.11328
23,F,D,0,0,10,0,0,2,3,R,4,2,1,1,3,1,5,5,62,69,77,63,60.89128
19,M,D,0,1,3,0,1,4,3,U,3,3,1,1,0,0,3,3,98,95,97,93,92.67379
22,F,D,1,1,2,1,0,2,3,U,0,4,1,1,0,1,3,4,38,67,78,93,82.28108
23,M,H,0,1,5,0,1,3,2,R,4,1,1,0,2,1,3,4,30,31,38,33,37.34306
25,M,H,0,0,7,0,1,5,3,R,5,3,1,0,4,1,4,5,77,82,66,61,71.275894
18,M,H,1,1,6,1,1,4,5,U,1,4,0,1,1,1,3,1,67,67,68,69,67.711075
22,M,H,0,1,1,1,1,3,5,R,1,1,0,0,1,0,4,5,74,77,74,76,78.74637
20,F,H,1,1,9,1,1,1,5,U,2,2,1,0,1,0,3,5,89,74,64,80,81.812454
23,M,D,1,1,1,1,0,5,5,U,5,4,1,0,0,0,5,4,53,68,73,53,68.22186
15,F,H,0,1,2,0,1,5,5,R,4,3,1,1,2,1,3,5,90,91,95,93,92.38424
21,M,H,0,1,5,0,0,4,5,U,5,5,1,0,2,0,6,4,80,75,90,79,86.4469
22,F,H,0,0,5,1,1,2,4,R,4,3,1,0,2,1,4,4,73,81,55,71,72.68496
19,M,H,1,0,5,1,1,1,3,U,2,0,1,1,1,1,7,5,86,94,85,88,87.575424
21,M,H,1,1,6,0,1,3,4,R,4,3,1,0,1,0,6,3,89,92,80,85,87.09725
21,M,H,0,1,5,1,1,4,3,R,4,1,1,0,1,0,3,1,71,54,82,69,74.45796
19,M,D,1,1,3,0,1,2,5,R,4,1,0,1,0,0,6,5,64,46,81,61,71.902695
20,M,H,1,1,4,0,1,4,5,R,4,4,1,0,1,0,5,5,89,89,85,91,85.4509
21,M,H,0,1,5,0,1,2,4,R,5,5,1,0,4,1,5,4,51,55,54,58,53.38872
19,M,H,1,1,2,0,1,3,3,U,4,5,1,0,2,0,3,5,87,69,45,85,76.17972
23,M,D,1,1,5,0,0,1,5,U,5,4,0,1,1,1,2,1,35,84,76,85,84.1715
22,M,D,0,0,4,1,1,5,3,R,5,4,1,0,1,1,5,3,88,91,80,87,85.89831
7,M,D,0,0,3,0,1,2,1,R,2,0,0,1,0,1,2,1,94,95,80,89,96.00224
20,M,H,1,0,5,1,0,3,4,U,3,2,1,0,3,1,4,2,69,82,78,82,75.4149
19,F,D,1,1,1,0,4,4,4,U,5,2,1,1,0,2,4,5,82,91,94,92,95.07896
23,F,D,0,1,2,0,1,2,3,U,3,3,0,1,0,0,3,5,60,65,86,88,80.8239
19,M,D,1,1,3,1,0,3,4,R,4,2,1,0,0,0,6,5,87,88,66,95,87.00791
20,M,D,1,1,7,1,2,5,3,U,3,2,1,0,0,1,4,5,81,88,93,89,89.494156
32,M,H,1,0,4,1,0,3,2,R,5,0,0,0,0,0,8,5,81,71,78,76,83.806145
15,M,H,1,1,3,0,0,2,3,R,2,2,1,1,2,0,4,4,49,55,60,52,55.532455
18,F,H,0,1,9,1,1,4,4,R,5,2,1,1,1,0,4,2,56,73,61,62,73.82434
19,F,D,1,1,6,0,1,1,5,U,3,2,1,0,0,1,7,5,82,59,67,92,73.22856
21,M,D,0,1,2,0,1,3,5,U,3,5,1,0,1,0,4,5,66,67,68,71,72.83342
19,F,H,1,1,2,0,1,2,4,R,3,2,1,1,0,0,6,4,54,84,69,80,77.36733
24,M,H,1,1,4,0,0,2,5,R,5,3,1,0,0,1,3,5,49,53,77,58,61.74607
15,M,D,1,1,2,0,1,4,5,U,4,3,1,0,3,0,4,4,60,69,73,70,63.488754
17,M,H,1,0,7,1,0,4,5,R,0,0,1,0,0,1,1,2,97,72,72,80,76.18605
18,M,H,0,1,2,1,1,3,3,U,5,4,1,0,1,0,3,3,94,94,85,91,90.69146
22,M,D,1,1,7,1,0,3,3,R,5,4,0,0,1,0,4,4,74,83,74,77,81.66055
20,M,H,1,1,2,0,1,4,3,U,4,5,1,1,2,0,3,5,88,89,62,80,83.88106
27,F,H,0,1,5,0,0,2,3,R,4,2,1,1,2,1,5,1,34,36,30,33,45.415836
19,F,D,0,1,8,0,1,4,4,U,2,5,1,1,0,0,3,5,92,94,92,91,94.97774
20,F,H,0,1,4,0,0,2,3,R,2,2,0,0,0,1,5,2,88,91,79,86,83.72622
25,F,H,0,1,6,0,0,5,5,U,5,4,1,1,4,0,5,2,88,81,84,82,85.117065
16,M,D,0,0,1,0,1,4,5,U,1,2,1,0,5,1,3,4,62,89,81,73,79.22475
22,M,H,1,1,1,0,0,2,1,R,0,5,1,0,1,0,2,3,58,61,57,63,67.043755
20,M,D,0,1,8,0,1,5,2,R,2,1,1,0,0,1,5,4,65,89,96,86,85.4279
22,F,D,0,1,4,0,1,4,4,U,1,3,1,0,1,0,3,4,85,82,86,83,83.752594
20,M,D,0,0,6,1,0,2,1,R,3,2,0,1,1,1,4,2,75,75,76,80,80.5957
19,F,D,1,1,2,0,1,3,4,U,4,4,1,1,1,0,3,4,82,85,81,82,81.3394
21,F,D,0,1,2,0,1,4,2,U,2,2,1,0,0,0,3,3,65,75,74,87,78.950134
20,F,H,0,1,5,1,0,5,5,U,1,5,0,0,0,0,4,5,69,90,95,87,90.474915
19,F,D,0,1,3,0,1,5,5,U,5,4,1,1,0,0,4,5,71,72,70,70,73.756775
25,M,D,0,0,4,1,0,2,3,R,2,4,1,0,1,0,4,2,88,91,77,84,86.879005
16,F,D,1,1,2,0,1,3,1,U,4,2,1,1,1,0,6,5,81,83,93,88,85.27896
18,M,D,1,1,8,0,0,2,2,U,4,2,1,0,1,1,4,4,67,75,65,78,72.96295
22,M,D,0,1,2,0,1,4,5,U,5,5,1,0,0,0,4,5,77,72,72,75,80.57147
19,F,D,1,1,5,0,0,1,3,U,2,4,0,0,1,0,10,3,72,83,72,75,74.723145
19,F,D,1,1,1,0,0,1,5,U,4,2,0,1,0,1,6,3,87,92,88,93,88.77199
18,F,H,1,0,6,0,3,3,5,U,5,3,1,0,0,2,5,5,92,85,97,91,97.23302
20,M,D,1,0,4,0,1,2,4,U,3,5,1,1,4,0,6,5,71,65,65,71,73.40782
19,M,H,1,1,5,0,1,3,3,R,3,3,1,0,4,1,5,4,76,78,70,75,72.53006
20,M,D,1,1,3,1,4,4,4,U,4,5,1,1,0,1,5,3,78,86,90,89,86.384254
16,F,D,1,1,3,1,1,3,4,U,4,3,1,1,2,1,5,3,88,82,89,96,87.7049
22,M,D,0,0,4,1,1,5,3,R,5,4,1,0,1,1,5,3,88,91,80,56,85.89831
17,F,D,1,1,7,1,1,2,4,R,4,4,0,0,1,1,5,2,76,69,72,74,71.837715
16,F,D,0,1,4,0,0,2,5,R,3,1,0,0,1,1,3,4,76,72,89,75,81.401535
26,F,D,0,1,6,1,0,5,5,R,1,1,1,1,3,0,4,4,85,86,79,91,94.36627
27,F,D,0,1,8,0,1,2,5,U,5,3,1,1,4,0,4,1,70,61,54,62,58.946747
15,F,D,1,1,1,0,0,2,1,U,3,3,1,1,4,0,1,5,50,77,61,71,70.45636
21,F,H,0,0,8,0,0,1,3,R,1,0,0,0,2,0,2,3,52,49,51,51,62.449158
17,F,D,0,1,2,0,1,2,2,U,4,5,1,0,2,0,3,4,95,86,75,80,83.68869
22,M,D,0,1,4,0,1,3,4,R,5,5,1,1,0,1,2,2,48,60,92,68,71.172455
20,F,H,0,1,2,1,1,3,4,U,4,1,0,0,1,0,4,5,63,65,81,69,70.20319
21,F,D,0,1,1,0,1,1,2,U,1,2,0,0,0,0,4,2,87,80,82,84,81.60011
20,M,D,0,1,1,0,1,2,3,U,3,3,1,0,1,1,4,4,85,77,83,82,78.7679
22,F,D,0,0,4,1,1,4,5,U,5,0,0,0,0,1,5,5,85,78,98,94,97.05879
22,M,H,0,1,5,0,1,3,3,U,3,3,0,0,3,1,6,4,88,92,76,80,76.15303
20,M,D,1,1,7,0,1,4,5,U,4,3,1,0,1,0,4,5,75,75,88,70,76.93151
22,M,D,0,1,4,0,1,4,2,U,3,4,0,0,0,0,4,5,87,76,98,93,90.95829
22,F,D,1,1,6,0,0,2,2,U,5,5,1,1,1,0,4,4,90,92,91,92,93.198456
19,M,H,0,1,2,0,1,3,4,U,4,4,1,0,1,0,4,5,97,96,87,93,89.912476
21,M,H,1,1,4,0,1,4,5,U,2,2,0,1,1,1,4,3,85,76,98,93,84.08209
29,M,H,0,0,1,1,1,1,2,R,2,3,1,0,0,1,11,4,67,88,94,83,82.65261
21,F,H,1,1,3,1,1,3,4,U,3,3,1,0,2,1,3,3,90,93,79,95,87.75635
19,F,H,1,0,5,1,1,2,3,R,1,0,0,0,3,1,3,3,58,68,60,97,72.76638
17,F,D,0,0,1,0,0,5,4,R,5,4,1,0,0,0,4,3,86,75,92,81,82.16566
19,F,D,0,1,4,0,1,2,5,R,5,5,1,1,0,0,3,5,85,86,89,86,86.99444
20,M,H,0,1,0,0,0,3,1,U,3,3,1,0,3,0,4,3,70,80,80,77,76.91049
21,M,D,0,1,1,0,0,1,2,R,2,3,1,1,0,0,4,4,68,67,67,8,55.74521
23,F,H,0,1,1,1,0,4,5,R,4,2,1,1,2,1,4,5,47,67,66,60,68.274605
19,M,D,0,0,1,1,0,2,2,R,1,1,0,0,0,0,4,5,48,50,49,52,58.635994
21,F,D,1,1,4,1,1,5,5,U,3,3,1,1,1,1,10,5,85,80,75,82,84.32477
7,F,H,0,0,1,1,0,1,3,U,4,0,1,0,0,1,4,5,84,65,70,73,78.89067
22,M,D,0,0,4,1,1,5,3,R,5,4,1,0,1,1,5,3,88,91,80,91,85.89831
15,F,H,1,1,2,1,0,4,5,R,1,1,1,1,2,1,4,3,59,57,52,56,67.139626
20,F,D,1,1,8,1,1,3,5,U,2,2,1,0,1,0,4,5,97,90,99,95,96.16675
20,F,H,0,0,6,1,0,3,4,U,1,0,1,1,4,0,3,1,89,87,84,88,85.1469
15,M,H,0,1,1,0,1,5,4,U,4,4,1,1,1,1,3,5,99,82,83,87,91.60223
16,F,H,1,1,1,0,1,4,5,U,1,1,1,1,4,1,3,5,86,88,74,80,83.13693
19,M,D,0,1,3,0,1,3,4,U,5,2,1,1,0,0,3,5,64,68,66,65,69.30822
21,M,H,0,1,2,0,1,4,4,U,4,4,1,0,1,1,5,4,95,94,78,89,84.50992
21,F,D,0,1,2,1,0,3,3,R,4,4,1,1,0,0,5,5,86,84,83,80,83.5618
19,M,D,0,1,7,1,0,5,5,U,2,4,1,0,4,1,5,4,62,60,63,65,66.61146
15,M,D,1,1,1,1,0,3,5,R,4,4,1,1,2,0,5,5,85,90,91,90,96.350586
24,F,D,0,1,3,1,1,5,4,R,5,5,1,0,3,1,4,5,86,89,83,96,89.76378
15,F,D,0,0,1,0,1,3,5,U,2,3,1,1,1,0,5,3,76,80,83,80,76.957504
19,F,D,1,1,4,1,1,5,4,R,3,5,0,1,0,0,4,4,64,98,61,96,82.23334
20,F,D,0,1,5,0,0,4,2,R,0,3,0,1,0,1,6,2,86,91,89,93,90.68203
26,F,H,0,0,8,0,0,3,3,U,0,3,1,0,1,1,13,5,78,70,72,73,78.7097
15,M,D,0,1,1,0,1,5,5,U,4,4,1,1,1,0,3,4,81,77,79,80,82.72313
24,F,D,1,1,8,1,1,5,4,U,2,1,1,0,2,1,5,4,71,68,66,95,77.61867
15,M,D,0,1,2,0,0,4,1,U,3,2,1,1,1,0,3,4,67,75,65,78,73.13532
18,M,D,1,0,1,0,0,5,5,R,5,4,1,0,3,1,4,3,84,79,96,85,83.721985
24,M,H,1,1,5,0,1,5,5,U,4,2,1,1,0,0,5,5,62,71,51,69,62.135643
21,M,D,0,1,7,0,1,4,5,U,2,2,1,0,1,0,5,5,84,99,83,86,87.83115
22,M,D,0,0,4,1,1,5,3,R,5,4,1,0,1,1,5,3,88,91,80,92,85.89831
26,M,D,0,0,4,1,0,2,4,R,2,2,1,0,0,1,6,1,87,90,79,93,90.0132
20,M,D,0,1,1,0,1,2,3,U,3,2,1,0,0,0,4,4,87,85,50,73,79.26594
8,F,D,0,0,1,0,1,5,3,U,3,0,1,1,0,1,12,4,74,79,84,79,88.81488
16,M,D,0,1,2,0,1,4,5,U,4,4,1,1,5,0,4,4,86,89,80,89,85.450516
22,F,H,0,1,5,0,1,4,4,U,4,4,0,0,3,1,6,5,87,90,78,83,80.56166
22,M,H,1,1,4,0,1,4,2,U,4,4,1,0,0,1,4,2,87,90,83,97,88.31573
,,,,,,,,,,,,,,,,,,,,,,,
,,,,,,,,,,,,,,,,,,,,,,RMSE=9.1191,RMSE= 9.7892
