,gender,residence,competative_exams,access_to_internet,study_hours_per_day,has_scholarship,extracurricular_activities,fam_fin_status,health,location,f_edu,m_edu,f_job,m_job,alcoholic,additional_tuition,fam_size,fam_relation,prev_percent_1,prev_percent_2,prev_percent_3,TARGET_PREDICTION_PERCENT
1417,M,D,0,1,4,1,1,3,5,U,1,0,0,0,1,0,3,4,44,33,52,43
1767,M,H,0,1,5,0,0,4,4,U,4,4,0,0,1,0,7,5,96,98,90,95
1063,M,H,0,1,2,0,1,3,5,U,4,3,0,1,2,0,5,4,87,91,89,90
520,F,H,0,1,5,1,1,3,4,U,3,1,0,0,1,0,6,5,72,72,73,73
852,F,D,0,0,6,2,3,4,4,U,2,3,1,1,0,2,3,3,92,98,91,94
269,M,H,1,1,8,0,0,5,5,R,5,4,1,1,0,0,5,2,85,83,89,83
1453,M,D,1,1,8,1,0,5,3,R,2,1,1,0,0,0,4,1,59,79,48,62
682,M,D,1,1,3,1,0,5,4,U,4,5,1,0,0,1,3,4,76,69,71,75
2021,M,D,0,0,8,0,1,4,3,R,2,1,1,0,0,0,4,4,77,55,75,75
1816,F,H,1,1,3,0,1,3,3,U,5,4,1,0,1,1,6,5,90,88,72,83
156,M,H,1,1,6,1,1,2,3,R,4,1,1,0,1,0,4,4,68,72,68,99
13,F,D,0,1,7,0,1,1,1,U,4,1,1,0,0,0,5,3,74,73,81,76
731,M,D,0,1,2,0,1,1,5,U,4,2,1,1,1,0,3,4,82,80,80,80
1461,M,D,0,1,11,0,0,3,4,R,3,2,1,1,0,1,3,1,65,54,65,61
210,F,H,0,1,2,0,1,1,2,U,3,5,1,0,2,1,5,3,62,81,95,72
1481,M,H,0,1,2,0,1,3,5,U,3,3,1,0,0,1,3,3,83,80,87,86
1543,M,D,0,1,2,1,1,3,5,R,5,2,1,1,0,0,4,4,89,77,75,84
263,M,D,1,1,5,0,0,1,5,U,5,4,0,1,1,1,2,1,35,84,76,85
1472,F,D,0,1,2,0,1,3,3,U,2,5,1,0,0,1,6,4,88,54,23,73
1306,M,D,0,0,5,1,1,5,4,R,5,5,1,1,0,0,5,4,89,92,81,92
649,M,D,1,1,2,0,0,3,3,U,5,1,1,0,0,0,11,5,60,64,74,80
68,F,H,1,0,2,1,0,4,3,U,2,1,1,0,0,0,3,5,80,73,87,80
1895,F,D,1,0,6,1,1,4,3,R,4,3,1,0,0,0,3,3,89,90,77,83
1340,M,D,0,0,5,1,1,3,4,R,3,3,1,1,1,1,3,4,89,92,79,86
1812,M,H,1,1,8,0,1,2,3,R,3,4,1,0,1,0,4,4,96,97,89,94
799,F,D,1,1,3,0,0,3,4,U,3,3,1,1,1,0,5,4,78,86,90,89
313,M,D,0,1,1,0,0,1,2,R,2,3,1,1,0,0,4,4,68,67,67,8
1850,M,H,1,1,5,1,1,3,4,U,3,4,0,0,1,0,6,5,80,78,60,73
522,F,D,1,1,3,0,0,4,5,U,4,4,1,0,2,0,5,5,75,73,74,78
267,M,H,1,1,6,0,0,1,5,U,5,4,1,1,0,0,5,2,99,82,70,91
1110,F,D,0,1,2,1,0,4,3,R,3,4,1,0,1,1,4,2,96,92,94,95
573,F,D,0,0,3,0,1,4,3,R,4,2,0,1,0,1,4,4,92,98,77,96
1614,M,H,1,1,4,1,1,5,5,R,2,5,1,1,1,0,4,3,76,73,73,74
1458,F,D,1,1,3,1,0,5,4,R,3,2,1,1,4,0,5,2,88,99,90,92
190,M,H,0,1,4,1,0,4,4,R,2,1,1,0,2,0,3,5,75,82,71,92
122,M,H,0,1,9,0,0,3,3,U,3,1,1,0,4,1,5,2,78,89,68,98
703,M,H,1,1,8,1,1,3,5,U,4,4,1,0,0,1,4,5,87,80,83,82
388,M,H,1,1,4,0,1,3,3,U,5,3,1,0,0,0,3,5,94,93,93,92
265,M,D,1,1,6,0,0,1,5,U,5,4,0,1,0,1,2,1,85,76,70,94
311,F,D,0,0,2,0,0,4,2,U,1,2,1,0,0,0,4,4,95,94,96,97
1532,M,D,0,1,2,0,1,3,3,U,3,5,1,0,1,0,5,4,90,85,74,90
846,M,D,0,1,3,1,0,4,3,U,3,4,1,0,0,2,5,4,86,85,98,93
151,F,D,0,1,7,1,0,2,5,R,5,1,1,0,2,1,4,4,75,77,79,95
1359,M,D,0,0,5,1,1,5,4,R,5,5,1,1,0,0,5,4,89,92,81,93
527,M,D,0,1,1,0,1,4,4,U,3,1,1,0,1,0,4,4,69,73,76,73
1897,M,H,1,1,7,1,1,2,2,U,2,2,1,1,3,1,6,3,93,89,78,82
1492,M,H,1,1,2,0,1,3,3,U,4,5,1,0,0,0,4,5,85,85,86,75
1966,M,D,1,0,10,0,1,2,5,R,1,2,1,0,3,1,4,2,80,76,63,71
949,F,H,1,1,1,1,0,5,5,R,2,4,1,0,0,1,6,5,98,66,61,71
2050,F,D,1,0,9,1,1,2,3,R,4,3,1,1,0,1,4,1,68,79,66,75
105,M,D,1,1,4,1,1,4,5,R,2,1,1,0,4,0,5,3,71,83,68,91
1800,M,H,1,1,6,0,1,3,5,U,3,3,1,0,1,1,5,4,90,96,70,85
1628,M,D,1,0,2,1,0,2,4,R,5,4,1,0,3,0,3,4,63,67,65,66
1345,F,H,1,1,2,1,0,3,3,U,4,3,1,0,1,1,3,3,86,89,77,87
1571,M,H,0,1,8,1,0,4,2,U,1,5,0,1,2,0,3,1,52,48,50,52
1459,F,D,1,0,6,0,1,3,3,U,5,2,1,1,1,0,3,1,34,37,37,36
670,M,D,1,1,8,0,1,5,4,U,5,5,1,0,0,1,4,5,89,89,85,87
782,M,D,0,0,1,0,1,1,5,U,3,1,1,1,2,0,4,5,82,82,81,80
67,M,D,0,0,5,0,1,2,4,R,3,2,1,1,0,0,9,3,75,78,69,74
89,M,D,1,0,7,1,0,4,3,U,0,1,1,0,1,0,5,2,96,71,94,87
402,F,H,0,1,5,0,1,3,5,U,5,5,0,1,0,0,3,5,90,91,87,85
663,F,H,0,1,4,0,0,1,3,R,5,4,1,0,0,0,4,5,85,81,82,84
514,F,D,0,1,1,0,1,3,4,U,3,1,1,0,2,0,5,4,70,72,68,75
26,M,H,1,1,9,0,1,4,1,R,5,2,1,0,1,1,9,5,82,83,93,86
571,F,D,0,1,3,0,0,4,5,U,0,1,1,0,0,1,5,4,94,67,78,91
1905,M,H,1,1,7,1,1,4,4,R,4,4,1,1,0,0,3,3,89,87,77,82
174,F,D,0,1,5,1,0,3,4,R,1,1,1,1,4,1,4,3,85,86,79,94
1943,F,D,1,0,6,1,1,4,4,R,4,4,1,1,2,1,5,4,90,92,76,81
744,F,D,0,0,1,0,1,3,5,U,2,3,1,1,1,0,5,3,76,80,83,80
1455,F,H,1,1,9,1,0,4,5,U,4,3,1,1,1,0,3,5,86,97,79,87
1348,M,D,0,0,4,1,1,3,4,U,3,3,1,1,1,1,3,4,88,91,78,87
1142,M,H,0,1,3,1,1,2,5,R,3,1,0,0,1,0,4,5,77,80,87,71
1500,M,H,0,1,1,0,1,4,3,R,4,3,1,0,0,0,4,4,73,84,82,88
262,F,H,1,1,5,1,0,1,5,R,5,4,0,1,1,1,2,1,95,59,49,81
804,F,H,0,1,4,1,1,5,1,R,1,1,0,1,1,1,5,3,88,100,94,92
853,F,H,1,1,5,2,4,5,3,U,5,2,1,1,0,1,5,3,93,90,92,90
1650,F,D,1,0,4,0,0,3,4,U,5,0,0,0,2,1,6,4,70,70,69,72
1552,M,H,0,1,2,0,1,3,4,U,4,2,1,0,0,0,2,3,86,60,56,70
1589,F,H,1,0,6,1,0,1,4,U,1,2,1,1,3,0,6,5,60,63,59,63
1526,F,D,0,1,1,0,1,1,3,U,3,2,0,0,2,0,3,4,81,72,56,80
426,M,D,0,1,3,0,1,3,4,U,5,2,1,1,0,0,3,5,64,68,66,65
2045,M,H,1,0,8,1,0,3,5,R,2,1,1,0,4,1,3,3,65,77,63,65
843,M,H,0,1,5,1,0,4,4,R,2,4,1,1,0,2,5,5,83,89,95,92
981,M,H,0,1,3,0,1,2,4,R,5,4,0,1,0,1,6,5,71,67,81,61
993,M,D,1,1,3,1,1,3,5,R,5,5,1,0,0,1,7,4,87,41,59,60
1889,M,H,1,1,7,1,1,5,5,U,5,5,1,1,3,1,5,5,89,92,82,86
488,F,D,0,1,4,0,1,4,4,U,1,3,1,0,1,0,3,4,85,82,86,83
8,F,H,1,1,1,1,1,2,5,R,1,0,0,1,1,0,6,5,86,87,70,81
1238,M,H,0,1,1,1,0,3,4,U,3,3,0,0,1,0,4,5,78,70,84,69
238,M,D,1,1,9,1,1,2,5,U,2,2,1,0,1,0,3,5,88,74,65,95
953,M,H,0,1,5,0,1,2,5,U,1,1,0,0,0,1,5,4,79,95,71,59
1563,M,D,1,1,1,0,0,4,4,U,4,3,1,0,0,0,3,4,87,75,75,80
1646,M,D,0,1,1,1,1,3,3,R,5,1,0,0,3,1,2,3,77,79,82,83
1819,M,H,1,1,0,0,1,4,5,U,4,4,1,1,2,1,6,4,94,86,90,90
1914,M,D,0,1,4,0,0,4,3,U,4,3,0,1,1,0,4,2,90,89,79,85
1410,M,H,0,1,3,0,1,4,3,U,3,2,1,1,2,1,4,5,78,74,75,76
623,F,H,1,1,6,1,1,4,4,R,5,5,0,0,0,1,4,5,59,34,98,64
1200,M,D,0,1,2,1,1,3,5,U,3,4,1,0,1,0,4,5,68,67,75,76
1817,M,D,0,1,1,0,0,2,3,U,3,3,0,0,1,0,3,3,91,84,90,88
1413,M,H,0,1,4,0,1,5,5,R,3,1,1,0,4,0,4,5,42,55,37,45
1825,F,H,0,1,1,0,0,3,4,U,4,4,1,0,1,0,4,5,96,95,96,96
704,F,H,1,1,10,1,0,5,3,U,5,4,1,1,0,0,5,4,98,98,99,99
598,M,H,0,1,3,0,1,5,2,U,2,5,0,0,3,0,4,5,83,32,98,90
1804,F,H,1,1,6,0,0,5,5,U,5,5,1,1,1,1,4,5,96,90,75,87
1954,M,D,1,0,6,1,1,3,3,R,3,3,1,1,2,1,5,5,88,87,78,83
370,M,D,0,1,8,0,1,4,5,U,5,4,1,0,0,0,3,5,95,93,90,94
1044,M,D,0,1,2,0,0,4,3,U,4,3,1,1,3,0,4,5,55,75,80,73
182,F,H,1,1,4,1,1,2,3,R,3,1,1,0,1,0,4,3,78,82,71,98
1386,M,H,1,1,8,0,1,3,3,R,3,1,1,0,4,1,4,1,76,88,76,80
767,M,D,0,1,2,1,1,5,5,U,1,2,1,0,1,1,1,4,58,36,78,91
1168,M,H,0,1,5,0,1,1,4,U,5,3,1,1,1,0,3,4,73,72,86,75
1755,M,D,1,1,1,1,0,5,5,U,4,3,1,0,2,1,4,5,77,79,89,80
226,F,D,0,0,2,1,1,3,3,U,2,4,1,1,2,0,9,3,68,67,78,65
1667,F,H,1,1,2,0,1,3,3,U,5,5,1,1,1,0,4,5,87,87,86,86
756,M,D,1,1,4,0,1,1,2,U,4,3,1,1,1,0,6,4,77,75,70,73
155,F,H,1,1,5,1,1,4,5,R,2,1,1,0,1,0,3,3,78,80,71,97
911,F,H,1,1,3,0,1,2,4,R,1,5,1,0,0,1,6,5,94,98,87,56
1929,M,H,1,1,7,1,1,4,4,R,4,4,1,0,0,0,3,3,88,91,79,84
3,F,H,1,0,7,0,0,4,2,U,2,1,1,1,1,1,15,4,77,71,88,78
12,M,D,0,0,7,0,1,4,2,U,0,1,1,1,0,0,6,2,95,72,84,76
1727,F,D,1,1,8,1,1,3,5,U,2,2,1,0,1,0,4,5,97,90,99,95
445,F,D,0,1,4,0,1,5,5,R,5,5,1,1,0,0,4,2,88,92,92,93
49,M,D,1,0,8,0,1,4,2,R,2,1,1,0,0,0,11,4,84,88,82,84
1352,M,H,1,1,4,0,1,4,2,U,4,4,1,0,0,1,4,2,87,90,83,89
1903,F,D,1,0,6,1,1,2,2,R,2,2,0,0,2,1,5,2,92,89,78,84
502,M,H,0,1,1,1,1,3,5,R,1,1,0,0,1,0,4,5,74,77,74,76
565,F,D,0,1,1,1,0,4,5,U,4,4,0,0,4,1,5,4,45,78,56,90
752,M,H,0,1,1,1,0,5,1,U,2,2,1,1,1,1,4,5,50,79,60,90
1968,M,D,0,0,6,0,1,3,3,U,1,3,1,0,0,0,4,3,64,63,85,85
1406,M,D,1,1,6,0,0,3,4,U,1,0,0,0,3,0,3,2,75,67,82,75
884,F,D,0,0,4,2,1,5,3,U,3,4,1,1,0,0,3,5,98,95,97,94
380,M,D,1,1,4,0,1,1,5,R,3,3,1,0,0,0,4,5,94,95,95,93
774,F,D,1,1,2,0,1,4,1,U,4,3,1,1,1,0,3,5,89,55,95,54
112,F,H,0,1,5,0,0,1,3,U,1,0,0,0,3,1,3,1,59,50,64,99
791,F,D,1,1,2,0,0,4,5,U,3,2,1,1,1,0,3,4,76,80,82,82
33,F,H,1,1,9,0,0,2,3,R,4,5,0,1,1,1,9,5,97,95,92,94
570,M,D,1,1,2,1,0,4,4,R,1,4,0,1,0,0,6,5,84,45,78,95
1172,M,D,0,1,8,1,1,4,5,U,5,2,1,0,1,0,3,5,84,86,85,87
1654,M,D,1,0,1,0,1,3,2,U,4,5,1,0,3,1,2,5,87,89,92,90
748,F,H,1,0,1,1,1,4,2,R,2,2,0,1,1,1,4,4,65,83,91,75
48,M,D,0,0,4,0,1,1,5,R,3,1,0,1,1,0,8,4,69,88,68,75
361,M,H,1,1,3,1,1,4,4,U,5,5,1,1,0,0,4,4,75,75,75,76
45,M,H,1,0,6,0,0,3,4,U,2,0,1,0,0,0,6,3,90,96,87,91
329,F,H,0,1,0,0,1,2,4,U,0,0,1,0,0,0,5,5,80,81,80,80
1956,F,H,1,1,7,1,1,2,2,R,2,2,0,0,0,0,3,3,89,91,79,85
127,M,D,1,1,10,1,0,5,4,U,5,1,1,0,1,1,4,3,91,93,82,93
1294,F,H,1,1,4,0,0,3,5,U,3,3,1,1,0,1,4,3,86,89,80,97
601,F,D,0,1,3,0,1,5,4,R,1,1,0,1,2,1,5,2,86,45,95,97
415,M,D,0,1,8,0,1,3,2,R,4,4,1,1,0,0,4,1,97,97,95,91
1972,F,D,0,0,8,1,1,5,3,U,5,1,1,1,1,1,3,4,63,56,63,61
581,F,D,0,1,2,1,0,3,5,U,1,4,1,1,0,1,4,4,81,25,69,98
236,F,D,1,1,9,1,1,1,5,U,2,2,1,0,1,0,3,5,87,75,75,83
327,F,D,1,1,6,0,1,2,4,U,5,0,1,0,0,0,4,4,80,78,81,89
1511,F,D,0,1,1,0,1,3,2,U,3,1,1,0,1,0,3,5,85,66,72,87
1885,M,H,1,1,7,1,1,4,4,U,4,4,0,1,2,1,5,5,91,89,78,83
723,M,D,0,1,3,0,0,5,3,U,2,2,1,1,1,0,4,4,89,92,81,93
1626,F,H,0,0,7,1,0,5,3,R,5,3,0,0,4,1,4,1,59,60,56,61
1292,F,H,1,1,5,1,0,2,4,R,2,5,1,0,1,1,5,3,90,92,78,91
1601,F,D,1,0,6,1,0,4,1,U,0,5,1,1,3,1,4,5,70,66,64,67
1921,F,H,1,1,7,1,1,2,2,R,2,2,1,0,0,0,3,3,89,91,79,84
1734,F,H,1,1,2,0,0,3,3,U,3,3,1,0,4,1,3,2,73,76,89,76
1567,F,D,0,1,3,0,1,3,4,R,4,0,0,0,2,1,6,2,58,55,60,61
1846,F,H,0,1,4,1,0,3,5,R,3,2,0,0,1,1,5,4,92,82,75,83
1321,F,H,1,1,2,1,0,4,5,U,4,4,1,0,0,1,4,5,85,88,76,82
1456,M,D,0,1,9,1,0,4,4,U,4,1,1,0,1,0,4,2,91,82,89,87
766,M,D,1,0,2,0,1,5,5,U,4,4,1,1,1,0,5,3,98,40,88,92
102,M,H,0,1,9,0,1,5,4,U,3,2,1,1,0,1,4,4,81,79,88,98
783,F,D,1,1,2,1,1,4,5,U,3,3,1,1,2,1,4,4,94,95,95,93
1525,F,D,0,1,1,0,1,1,4,U,3,3,1,0,1,0,4,4,82,82,65,89
1790,M,H,0,1,2,1,1,3,5,R,2,3,0,0,1,0,17,5,98,96,85,93
909,F,H,1,1,2,0,1,2,5,R,5,2,1,0,0,1,5,5,65,82,96,98
1236,F,H,0,1,7,1,0,3,4,R,4,3,1,0,1,0,5,5,93,95,64,62
1357,M,D,0,0,5,1,1,3,4,U,3,3,1,1,1,1,3,4,89,92,79,89
1376,F,H,1,1,6,1,0,1,4,U,5,4,1,1,4,1,3,3,71,52,74,66
2012,F,D,1,1,4,0,0,2,5,R,5,3,1,1,0,1,3,4,51,77,78,69
901,M,D,1,1,4,0,3,4,5,U,3,3,1,0,0,1,3,3,89,87,88,85
740,M,D,0,1,2,0,1,5,5,U,4,4,1,1,1,0,6,4,82,80,80,80
685,F,D,1,1,3,0,1,4,5,U,4,4,1,1,0,0,4,5,89,87,89,90
1962,F,D,1,1,9,0,1,1,3,R,3,3,1,1,2,0,5,2,55,71,55,63
394,M,H,0,1,7,0,1,4,5,U,5,5,1,1,0,0,3,5,83,80,79,82
635,F,H,0,1,6,1,1,4,5,U,4,2,0,0,0,1,6,4,84,69,92,86
905,M,D,1,0,6,0,3,5,5,U,5,2,1,0,0,1,3,4,93,99,98,95
1485,F,D,0,1,2,0,1,2,3,U,4,4,1,1,1,0,3,5,75,55,78,89
566,M,D,1,0,2,1,0,5,4,R,5,5,0,0,1,0,5,5,85,23,52,90
1986,M,H,1,0,5,1,0,3,4,U,3,2,1,0,3,1,4,2,69,82,78,82
279,F,H,1,0,2,0,0,4,4,U,2,5,1,0,1,1,4,5,76,68,84,65
1220,M,D,1,1,2,1,1,3,4,U,3,3,0,0,1,0,3,5,58,60,86,70
1441,M,H,1,1,11,1,0,5,3,R,5,3,1,1,0,0,3,3,69,68,79,72
1644,M,D,0,0,1,0,1,1,3,R,5,3,1,1,0,1,3,3,70,67,62,69
1308,M,D,0,0,4,1,0,2,4,R,2,2,1,0,0,1,6,1,87,90,79,91
1107,M,D,1,1,4,0,1,5,1,R,4,0,1,1,1,1,4,3,65,72,75,72
249,F,D,1,1,2,0,0,5,5,R,1,3,1,0,3,1,3,4,84,84,85,84
1006,M,D,0,1,1,1,1,4,5,U,4,2,1,0,0,0,9,2,62,67,53,67
813,F,D,1,1,2,1,3,3,5,R,5,3,0,1,2,0,4,4,79,83,91,90
272,F,H,0,0,8,0,1,4,5,R,5,4,0,0,0,1,4,2,84,76,94,84
309,M,D,0,1,1,0,1,2,2,U,2,2,1,0,0,0,3,2,80,82,80,82
427,F,H,0,1,6,0,1,3,5,U,5,2,1,1,0,0,4,5,96,97,93,95
1835,M,H,1,1,1,0,0,3,3,R,4,3,1,0,3,1,4,4,95,76,65,79
1384,M,D,0,0,3,0,0,2,4,R,3,1,1,0,3,0,4,5,33,30,30,31
1120,M,D,1,0,2,1,0,3,5,R,4,4,1,1,4,0,4,4,77,82,81,79
857,M,D,0,0,3,0,4,4,5,U,4,5,1,1,0,2,5,3,97,83,96,90
1837,M,H,1,1,6,0,1,3,4,R,4,3,0,0,1,0,6,5,85,80,62,76
954,F,D,0,1,1,0,1,4,4,R,2,2,1,0,0,1,2,5,60,80,95,71
1146,M,D,1,1,3,0,1,1,2,U,4,4,1,1,1,0,4,4,75,80,73,89
1827,M,H,1,1,4,0,1,3,4,R,4,4,1,0,1,1,4,5,94,90,69,84
362,F,D,1,1,3,0,0,5,5,U,5,5,1,1,0,0,4,5,81,77,79,80
1682,F,D,0,1,2,0,0,3,3,U,4,3,1,1,1,0,3,3,87,80,65,55
1535,F,D,0,1,2,0,1,1,3,U,3,3,1,0,0,0,3,5,85,88,85,87
1935,F,D,1,0,6,1,1,4,4,R,4,4,0,0,2,1,5,4,90,92,76,81
140,M,H,1,1,7,1,0,5,4,R,2,1,1,0,2,0,3,3,75,82,71,92
2046,F,H,0,0,5,1,0,5,5,R,5,3,1,0,4,1,3,5,67,63,81,78
1255,F,D,0,1,3,1,1,4,4,U,4,4,1,0,1,0,4,4,83,83,76,76
800,F,D,1,1,1,0,1,2,1,U,4,3,1,1,1,0,4,4,79,97,91,93
1862,F,H,0,1,4,1,1,3,5,R,1,3,0,0,1,0,8,5,80,90,98,81
1332,F,H,1,1,3,0,1,3,2,U,3,2,1,1,0,1,3,2,86,89,77,92
1751,M,D,1,1,1,0,0,5,3,U,2,4,1,1,1,1,3,3,70,92,98,86
590,M,D,1,0,6,0,1,5,4,U,2,5,0,0,0,0,6,4,65,89,87,97
1946,M,H,1,1,7,1,1,4,4,R,4,4,1,1,0,0,3,3,88,91,79,84
1205,M,H,1,1,6,1,1,2,4,U,2,1,1,0,1,0,5,5,82,82,46,85
903,M,D,1,0,4,1,2,3,5,U,5,4,1,1,0,0,4,4,91,92,88,87
747,F,H,1,1,3,1,1,3,5,R,3,4,1,1,1,1,4,4,34,82,95,75
57,M,D,0,0,9,1,1,2,3,R,4,4,0,0,0,1,11,4,70,73,93,78
1915,F,D,1,0,6,1,1,2,2,R,2,2,1,0,2,1,5,2,93,92,80,87
134,F,D,1,1,5,1,0,3,3,R,1,1,1,1,2,0,3,3,85,88,75,94
860,F,D,1,0,2,2,0,5,3,U,2,2,1,1,0,2,4,4,100,95,99,95
855,F,D,0,0,2,2,2,5,4,U,4,2,1,0,0,0,4,4,95,84,94,90
999,M,D,1,1,3,0,1,2,5,R,4,1,0,1,0,0,6,5,64,46,81,61
408,F,D,0,1,7,0,1,3,4,U,5,4,1,1,0,0,4,5,95,94,96,93
53,F,D,0,1,7,0,0,3,4,R,4,3,0,1,0,1,5,3,76,79,76,77
1841,M,H,1,1,7,0,1,4,5,U,5,3,1,0,1,1,6,5,92,89,65,82
1102,M,D,1,1,4,0,0,5,3,R,4,2,1,1,1,0,4,3,48,60,78,61
1581,F,D,0,1,3,0,1,4,3,R,2,1,1,1,1,1,2,4,59,64,65,67
982,M,D,1,1,5,0,1,2,5,U,3,3,0,0,0,0,5,4,68,58,68,66
469,F,D,0,1,4,0,1,4,3,U,4,4,1,0,1,0,6,4,81,80,82,81
1127,M,D,0,1,1,0,1,4,4,U,4,3,1,1,0,0,4,3,39,47,56,50
1768,F,H,0,1,4,1,1,3,2,U,4,2,0,0,1,1,6,5,90,88,76,85
64,M,H,0,0,1,1,0,4,1,U,4,1,0,0,1,1,8,4,92,78,70,80
542,M,H,1,1,2,0,1,3,2,R,2,2,1,0,0,0,4,4,65,87,88,92
658,M,H,1,1,6,0,1,1,4,R,4,2,0,0,0,0,10,4,95,95,95,95
594,M,D,0,1,4,0,1,4,2,U,3,4,0,0,0,0,4,5,87,76,98,93
375,F,H,0,1,8,1,1,2,3,R,5,4,1,0,0,0,3,5,78,75,77,76
736,M,D,0,1,1,0,0,2,1,U,4,2,1,1,2,0,5,2,50,79,60,90
1182,M,H,1,1,4,1,1,4,4,R,5,5,1,1,1,0,4,5,84,82,67,83
2004,M,D,1,1,9,0,0,3,4,R,4,1,1,0,2,0,4,3,66,71,55,68
1936,M,H,0,1,5,0,1,5,5,U,5,5,0,0,3,1,6,4,87,89,78,83
381,F,H,0,1,7,0,1,3,5,U,5,4,1,0,0,0,3,5,82,85,83,84
968,M,H,0,1,5,0,1,5,3,U,2,3,1,0,0,1,6,3,69,67,66,95
563,F,H,1,0,5,0,1,5,5,U,4,1,0,0,0,1,2,4,77,54,44,93
1412,M,H,0,0,11,0,1,1,4,U,3,2,1,1,1,0,4,2,55,43,54,51
1176,M,H,0,1,2,0,1,3,5,U,5,3,1,0,1,0,4,4,72,76,77,92
117,F,H,1,1,7,1,1,5,4,R,5,1,1,0,4,1,4,4,78,89,71,94
694,F,H,1,1,3,1,0,3,5,U,5,5,1,1,0,1,4,5,79,39,68,65
676,F,H,1,1,3,1,1,4,5,R,3,1,0,0,0,1,4,4,67,75,77,78
213,F,D,0,1,9,0,1,4,2,U,3,5,1,0,2,1,3,3,94,80,96,78
496,F,D,0,1,3,0,0,4,5,U,1,1,1,0,1,0,4,5,75,75,75,70
886,F,D,0,0,4,0,1,5,3,U,4,5,1,0,0,2,4,4,100,92,99,96
769,F,H,1,0,2,0,1,3,4,R,4,4,1,1,2,0,4,2,97,72,56,98
1665,M,D,0,0,7,0,1,4,1,R,0,2,0,1,1,1,4,4,66,61,66,67
758,F,H,1,1,2,1,1,4,3,U,4,4,1,1,1,1,4,4,92,93,95,92
1698,M,H,1,1,3,0,0,3,3,U,4,3,1,0,1,1,4,5,76,75,72,74
788,F,D,1,1,2,0,0,5,3,U,3,4,0,1,1,0,4,2,98,97,96,94
1106,M,D,1,1,2,0,1,4,5,U,4,3,1,0,3,0,4,4,60,69,73,70
1390,F,D,1,0,6,0,1,1,4,R,5,1,1,0,1,1,4,2,66,65,51,61
22,M,D,0,1,8,1,1,3,3,U,5,4,1,0,0,1,11,3,68,90,82,80
1036,M,D,0,1,2,0,1,5,5,U,4,3,1,0,3,1,4,5,97,78,87,88
1385,M,H,1,0,14,0,0,1,4,R,5,4,1,1,2,1,5,3,64,51,67,61
798,M,D,1,0,2,0,0,3,5,U,4,4,1,1,3,0,2,4,77,84,89,88
1793,F,H,0,1,5,0,1,3,3,U,4,4,1,0,1,1,5,4,95,93,80,89
118,F,H,1,0,5,1,1,2,3,R,1,0,0,0,3,1,3,3,58,68,60,97
1415,F,H,1,1,9,1,0,5,5,U,2,1,1,0,4,0,3,5,42,61,35,46
468,F,D,0,1,6,0,1,3,5,U,5,4,1,1,0,0,5,5,90,90,91,89
283,F,H,1,1,3,0,0,3,4,U,3,5,1,0,4,0,6,5,75,64,95,72
1883,F,D,1,1,6,1,1,4,4,U,4,4,0,0,3,1,3,4,90,92,80,87
1259,F,H,0,1,4,0,1,3,5,R,2,2,0,0,1,0,4,5,83,80,89,72
1758,M,D,1,0,2,0,0,4,5,R,4,3,1,0,4,1,4,5,93,100,93,95
1722,M,D,0,1,0,0,0,3,4,U,2,3,1,0,1,0,3,3,85,84,81,82
727,M,D,0,1,1,0,1,4,5,U,3,2,1,1,2,0,5,5,86,89,77,97
1796,F,H,0,1,2,0,1,5,4,U,5,5,1,1,1,0,5,5,98,97,87,94
316,F,H,0,1,3,0,0,2,5,U,4,2,0,0,0,0,6,5,77,77,77,77
157,M,D,1,1,4,1,1,4,4,R,2,1,1,0,4,1,3,4,75,71,66,93
1996,M,D,1,0,7,0,0,4,3,R,4,3,1,1,3,0,3,1,78,57,65,85
772,F,D,1,1,3,1,1,3,4,U,4,3,1,1,2,1,5,3,88,82,89,96
1517,M,D,0,1,1,0,1,2,3,U,3,3,0,0,0,0,4,4,84,75,66,75
113,M,D,0,0,11,0,1,3,4,R,4,2,1,1,1,1,4,1,92,84,97,87
365,M,D,0,0,0,0,0,2,2,U,4,2,1,0,1,0,5,2,76,77,78,80
1830,M,H,1,1,4,0,1,3,4,U,4,3,1,0,3,0,6,5,85,92,66,81
1267,F,H,1,1,7,0,0,3,4,U,3,3,0,0,1,0,5,4,82,77,81,76
998,F,D,0,1,1,1,0,2,3,R,4,2,1,1,0,1,4,5,53,57,73,73
641,M,H,1,1,6,0,0,4,5,U,3,1,1,0,0,0,4,5,70,68,68,81
878,M,D,1,0,4,0,2,4,3,U,5,2,1,1,0,1,4,3,92,94,91,90
743,M,D,1,1,1,0,0,3,5,U,3,2,1,1,1,0,4,5,86,75,92,78
951,M,H,0,1,1,1,1,5,5,R,5,3,0,1,0,1,8,5,70,53,88,80
1970,M,D,1,0,9,1,1,5,5,R,4,1,1,1,2,1,4,4,65,69,90,66
286,M,H,0,0,6,0,1,5,4,U,4,5,1,0,4,1,6,5,71,85,72,76
1229,M,H,1,1,1,1,1,3,4,R,3,2,0,0,2,0,4,3,82,76,90,76
1224,M,H,0,1,5,0,0,4,5,U,5,5,1,0,2,0,6,4,80,75,90,79
1011,F,D,0,1,1,0,0,3,5,R,4,2,0,1,0,0,2,5,53,60,59,60
2055,M,H,0,0,6,0,0,2,5,R,5,1,1,1,3,0,4,1,68,61,81,77
1952,M,H,0,1,5,0,1,3,3,U,3,3,1,1,3,1,6,4,89,90,76,80
1005,F,D,1,1,4,0,0,4,5,U,4,4,1,1,0,1,7,2,71,80,88,80
110,F,H,1,1,7,1,0,5,5,R,1,0,0,0,4,0,5,5,81,89,79,96
1119,M,D,1,1,2,1,1,4,3,R,2,2,1,1,1,1,4,4,98,89,92,91
862,M,H,1,1,4,1,2,3,4,U,4,3,1,0,0,0,5,4,76,82,88,83
297,M,H,1,1,9,0,0,5,3,U,1,4,1,0,0,1,3,2,70,72,78,65
1692,F,H,0,1,8,1,1,3,2,R,3,4,1,1,1,0,4,4,78,81,74,77
709,F,D,1,0,2,1,0,2,3,U,4,4,0,1,1,1,4,4,58,56,60,63
1471,F,D,0,1,3,0,1,4,2,U,3,5,1,0,0,0,4,5,87,87,86,75
200,M,H,0,1,2,0,1,1,1,U,3,3,1,0,0,1,3,1,88,86,87,85
1975,M,D,1,1,7,0,1,1,5,R,2,3,1,1,4,1,3,2,64,82,89,63
511,F,D,1,1,7,1,1,3,4,R,3,3,0,0,2,1,5,3,76,69,72,74
500,M,D,0,1,3,0,0,3,4,U,1,1,1,0,1,0,4,5,76,76,75,76
947,F,H,0,1,6,0,1,3,4,R,5,5,1,1,0,1,6,3,54,58,62,88
667,F,D,1,1,3,0,0,3,3,U,5,5,1,0,0,0,5,5,78,80,85,87
925,M,H,1,1,5,0,1,4,5,R,2,3,1,1,0,1,5,5,89,86,58,51
1488,F,D,1,1,2,0,1,2,3,U,4,5,1,0,0,1,3,5,86,58,60,75
620,M,H,0,1,4,1,1,4,4,R,2,5,0,0,0,1,5,4,89,55,95,54
661,F,D,0,1,3,0,0,2,4,U,5,5,1,0,0,0,3,3,79,83,81,80
592,M,H,1,1,4,0,1,5,5,U,2,4,0,0,0,0,2,4,95,98,87,94
20,M,H,0,0,6,0,1,5,5,R,3,0,0,0,1,1,1,2,79,75,86,80
1925,M,H,1,1,7,1,1,3,3,R,3,3,0,1,0,0,3,3,90,87,79,86
1082,F,D,1,1,2,0,0,5,5,R,4,2,1,1,3,0,3,4,79,90,87,81
525,M,D,0,0,1,0,1,4,5,U,4,4,1,0,1,0,4,5,72,70,65,73
1275,M,H,0,1,2,1,0,4,4,U,4,3,1,0,1,1,4,5,89,93,78,85
1105,F,D,1,1,2,1,1,3,5,U,3,3,1,1,2,0,6,4,70,89,78,83
1772,F,H,0,1,4,1,1,3,3,R,4,3,0,0,1,0,4,4,93,83,72,83
762,F,H,1,1,1,1,0,3,5,U,4,4,1,1,2,1,6,3,42,69,73,53
1296,M,D,0,0,3,1,1,5,1,R,5,5,1,1,1,0,6,1,89,92,78,97
1723,F,D,0,1,4,0,0,3,4,U,2,2,1,1,1,0,4,5,75,96,100,90
1393,M,H,0,0,3,0,0,3,5,R,2,1,1,0,3,1,4,1,66,64,86,72
145,F,D,1,1,7,1,0,2,4,R,4,1,1,0,1,0,5,4,82,87,82,97
1420,F,H,0,1,3,1,0,5,5,U,1,0,0,0,2,0,4,1,81,69,95,82
219,M,H,1,1,3,0,1,3,2,U,3,1,1,1,2,0,2,3,54,86,63,50
1185,M,H,0,1,4,1,1,3,5,R,4,3,0,0,1,0,5,5,75,76,89,87
755,F,D,0,1,2,0,0,5,3,U,3,3,1,1,1,0,3,2,95,92,90,93
294,M,H,1,1,9,0,1,2,4,U,1,4,1,0,3,0,4,2,71,51,96,95
1499,F,H,0,1,1,0,1,4,2,R,4,3,1,1,0,0,3,4,82,85,83,90
943,F,H,0,1,2,0,1,3,3,U,5,2,1,0,0,1,2,5,91,77,73,62
1718,M,H,0,1,2,1,0,3,3,U,5,5,1,1,1,0,4,3,71,71,71,71
1659,F,D,0,0,1,0,0,1,4,R,3,0,0,0,2,0,5,1,52,49,51,51
1031,F,D,1,0,2,0,0,5,3,U,4,4,1,1,2,1,4,4,78,56,76,68
456,M,D,0,1,6,0,1,4,5,U,5,4,1,1,0,0,4,5,97,94,96,95
424,M,H,0,1,3,0,1,4,5,R,5,2,1,1,0,0,4,5,97,97,95,96
1422,M,H,0,1,8,1,1,4,3,U,4,3,1,1,4,0,4,4,65,47,83,65
888,M,D,0,0,7,2,2,4,4,U,5,4,1,1,0,1,5,4,76,85,97,92
254,F,D,0,0,6,0,1,5,5,R,4,3,0,1,2,1,3,2,85,71,85,74
30,F,D,0,1,8,1,1,5,3,R,3,5,1,0,1,1,11,5,88,67,85,80
1700,F,H,0,1,1,0,0,3,4,U,4,4,1,0,1,0,4,5,68,67,56,63
1165,F,H,1,1,2,0,1,2,3,U,4,4,1,0,1,0,4,5,86,80,87,84
1215,F,D,1,1,4,1,1,3,4,U,3,3,1,0,1,0,3,5,88,88,65,80
1049,M,D,0,1,1,0,1,2,5,R,3,2,0,1,3,1,3,5,75,77,72,73
950,M,D,1,1,3,1,0,3,4,R,4,2,1,0,0,0,6,5,87,88,66,95
801,F,D,1,0,2,1,0,3,2,U,3,1,1,1,2,1,3,3,80,92,92,90
178,F,D,1,1,5,1,0,3,3,R,1,1,1,1,1,1,5,3,75,77,71,96
1801,M,H,1,1,4,0,1,3,4,U,4,4,1,0,1,0,4,4,78,91,73,81
675,F,H,0,1,3,1,1,4,5,U,5,5,1,0,0,1,5,3,87,92,89,90
403,M,D,0,1,8,0,1,4,5,U,3,4,1,1,0,0,3,5,82,75,84,81
282,F,D,1,1,3,0,0,3,4,U,3,5,1,0,4,0,4,5,78,64,84,76
1743,F,D,0,0,2,0,0,3,2,U,2,2,1,0,2,1,3,4,90,92,94,92
1469,F,H,1,1,3,0,1,2,3,U,4,5,1,0,0,0,4,5,98,85,60,87
79,F,H,0,0,8,0,0,3,3,U,0,3,1,0,1,1,13,5,78,70,72,73
1003,F,H,1,1,6,1,0,2,5,U,5,3,0,0,0,1,6,5,77,71,61,71
1193,F,H,0,1,3,0,1,1,2,U,2,3,0,0,1,0,2,2,92,90,57,81
902,M,D,0,1,5,0,2,4,5,U,4,3,1,0,0,1,4,4,90,80,89,85
1387,F,H,0,1,12,1,1,5,4,U,3,2,1,1,0,0,4,4,81,79,88,83
1797,M,H,0,1,0,0,1,4,4,U,4,1,1,0,1,0,4,4,88,85,65,79
1773,M,H,0,1,2,1,0,2,2,R,3,2,1,0,3,1,4,4,94,91,75,87
1578,F,H,0,1,1,0,0,1,4,R,5,5,0,0,1,0,6,5,80,82,83,84
304,F,D,0,1,2,1,0,2,5,U,4,2,1,0,0,0,6,4,76,70,68,71
1249,M,H,1,1,6,1,1,5,5,R,1,1,1,0,1,0,4,5,77,73,97,77
164,M,H,1,1,7,1,1,4,4,R,5,1,1,0,4,1,4,4,85,89,86,94
1724,F,D,0,1,2,1,1,3,3,U,3,5,1,1,1,0,4,3,92,90,89,90
1537,F,D,0,1,2,0,1,4,2,U,2,2,1,0,0,0,3,3,65,75,74,87
1349,F,H,1,1,2,1,1,5,5,U,5,5,1,0,0,1,4,5,87,90,76,89
1886,F,D,0,0,4,0,0,2,2,R,2,2,0,0,0,0,4,2,88,90,79,85
1558,F,H,0,1,2,0,1,2,2,U,3,4,0,0,0,0,4,4,70,73,89,87
1287,F,H,1,1,3,1,1,4,3,U,3,2,1,1,1,1,4,4,85,89,77,93
1408,F,D,0,0,13,1,0,4,3,U,3,2,1,1,3,1,4,5,38,50,42,43
2038,M,H,1,0,9,0,1,5,3,R,1,2,1,1,3,0,5,4,60,68,72,70
622,M,H,1,1,5,0,10,1,5,R,3,5,0,0,0,1,5,4,79,33,95,86
2052,M,D,0,0,6,0,1,4,5,R,1,3,1,1,4,0,5,2,71,82,79,71
1806,M,H,1,1,3,0,0,3,3,U,4,4,1,0,1,1,4,4,86,93,89,89
1179,F,H,0,1,6,1,1,5,5,R,5,5,1,1,1,0,4,5,70,75,89,88
1273,F,H,0,1,2,1,1,3,3,U,3,3,0,0,1,0,4,5,80,78,87,80
188,M,H,1,1,9,1,1,3,3,R,4,1,1,0,4,1,5,4,85,91,79,96
451,F,D,0,1,4,0,1,4,4,U,5,4,1,1,0,0,4,5,74,74,72,77
353,F,D,0,1,3,0,1,2,4,U,4,2,1,0,1,0,5,4,73,74,80,71
433,M,H,0,1,3,0,1,4,1,U,3,2,1,1,0,0,3,5,94,95,94,95
1924,M,H,0,1,5,0,1,5,5,U,5,5,0,0,3,1,6,4,87,90,78,83
629,F,D,1,1,5,1,1,2,5,U,4,4,0,0,1,1,6,4,86,65,98,85
1208,M,D,0,1,2,0,1,4,5,U,3,3,1,0,1,1,3,5,91,89,87,88
1629,M,D,1,1,6,0,1,2,5,U,5,2,0,1,3,0,5,2,83,84,82,86
1028,M,H,0,1,5,1,0,2,5,R,3,4,0,0,0,1,6,4,67,96,58,73
146,M,D,0,1,10,1,1,5,4,R,5,2,1,1,4,1,4,4,85,88,82,99
1276,M,D,0,1,3,1,1,3,4,R,3,4,1,0,0,1,5,4,85,88,76,82
1864,M,D,1,1,3,1,1,4,5,U,5,1,1,0,1,0,8,5,83,90,77,71
1764,M,D,0,0,1,0,0,2,5,R,2,1,1,0,3,1,3,2,83,96,83,87
1770,M,H,0,1,2,0,1,3,4,U,3,3,1,0,3,1,4,3,97,95,84,92
557,F,H,1,1,3,1,1,2,3,U,2,5,1,1,0,1,8,5,97,72,56,98
2031,M,H,1,0,4,1,0,5,3,R,4,2,1,0,0,0,5,3,51,82,88,72
1898,F,D,0,0,4,0,0,3,3,R,3,3,1,0,1,0,4,2,90,91,80,86
1394,F,D,0,1,3,1,1,3,1,U,1,0,0,0,1,1,3,2,72,89,79,80
1483,M,H,0,1,2,0,1,4,5,U,3,2,1,0,0,0,1,4,81,67,65,76
900,M,D,1,1,4,2,0,4,4,U,5,4,1,1,0,0,5,4,88,100,94,92
1702,M,H,0,1,1,0,1,3,3,U,4,1,1,1,2,0,4,5,98,94,96,96
1930,F,D,0,1,4,0,0,5,5,U,5,5,1,0,1,0,4,2,90,92,80,86
1048,F,D,1,0,2,0,1,2,4,R,3,3,0,1,1,0,4,5,98,95,95,96
1435,F,H,0,1,1,1,0,4,5,R,4,2,1,1,2,1,4,5,47,67,66,60
1000,M,D,0,1,5,1,1,3,4,U,2,4,1,0,0,0,3,5,88,80,68,66
776,F,D,0,1,4,1,0,4,5,U,3,1,1,1,1,1,6,4,79,33,95,86
417,M,H,0,1,7,0,1,3,5,U,5,5,1,1,0,0,4,2,57,68,58,63
1250,F,H,0,1,2,1,1,3,4,U,4,1,0,0,1,0,4,5,63,65,81,69
513,M,D,0,1,2,0,1,4,5,U,4,4,1,0,1,0,4,5,77,72,72,75
1366,M,D,0,0,4,1,1,5,3,R,5,4,1,0,1,1,5,3,88,91,80,56
1463,M,H,1,1,11,0,0,2,5,U,3,1,1,0,0,0,4,3,84,75,84,81
863,M,D,1,1,1,0,1,4,4,U,2,5,1,1,0,1,5,3,77,93,89,90
299,F,D,0,1,4,0,1,4,2,U,5,5,1,0,0,0,6,4,81,80,82,81
1405,M,H,1,0,2,0,0,3,3,R,1,0,0,0,3,1,3,4,39,30,30,33
916,M,H,0,1,5,0,1,3,5,U,5,3,0,0,0,1,6,5,83,47,53,54
303,F,D,0,1,5,1,1,2,5,U,4,2,1,0,0,0,3,4,75,73,73,77
1489,M,D,0,1,2,0,1,4,3,U,4,5,1,0,1,0,3,5,88,87,85,89
498,M,D,0,1,0,0,1,4,4,U,4,4,1,1,1,0,4,5,80,80,80,76
1637,M,H,1,0,2,1,0,5,5,R,3,4,1,0,4,1,3,4,58,60,57,59
209,M,D,0,1,3,0,1,3,2,U,3,3,1,0,2,1,5,3,68,86,98,71
325,F,D,1,1,3,0,1,2,4,U,4,3,1,0,1,0,5,4,72,75,78,8
1687,F,D,1,1,10,0,1,4,4,U,4,4,1,1,1,0,4,5,88,90,89,89
434,F,H,0,1,6,0,1,4,5,U,2,5,1,1,0,0,4,5,75,80,74,78
251,M,H,0,0,3,0,0,3,5,R,1,3,0,0,3,1,3,4,75,84,84,76
1891,M,D,1,1,6,1,1,4,4,U,4,4,1,0,0,0,3,3,90,90,78,84
455,F,D,0,1,4,0,1,5,5,R,1,5,1,0,0,0,4,5,90,87,91,92
1148,M,H,0,1,8,1,0,4,4,R,1,1,0,0,4,0,4,4,64,65,69,86
763,F,D,1,1,1,0,0,2,1,U,3,3,1,1,4,0,1,5,50,77,61,71
507,F,D,1,1,8,1,1,3,4,U,1,3,0,0,2,0,4,4,89,91,89,88
357,M,D,0,1,1,0,1,4,4,U,4,2,1,0,0,0,4,4,69,73,76,73
976,F,D,1,1,5,0,1,5,5,U,5,3,0,1,0,0,5,5,46,59,71,73
2032,F,D,0,1,10,0,0,2,3,R,4,3,1,1,4,1,4,3,63,74,80,82
107,F,D,1,1,8,1,0,4,3,R,3,1,1,0,4,0,4,2,62,50,68,89
212,M,H,0,1,9,0,1,3,2,U,3,5,1,0,2,1,3,3,65,83,91,75
1055,F,D,0,1,3,1,1,4,5,R,2,4,1,1,0,0,4,4,95,90,35,81
504,F,D,0,1,2,0,1,4,4,U,4,1,1,0,1,0,4,4,87,90,88,87
1691,M,D,1,1,2,1,1,3,4,U,1,4,0,1,1,0,3,5,90,76,65,30
1688,F,D,0,1,2,1,0,3,4,U,2,3,1,0,1,0,5,5,83,85,94,86
1788,F,H,0,1,3,0,1,4,4,U,5,3,1,0,1,1,5,4,99,94,71,88
1103,F,H,0,1,2,0,0,3,5,U,1,1,1,1,2,1,4,3,32,45,39,49
280,F,D,1,1,2,0,0,4,4,U,2,5,1,0,4,1,4,5,76,67,54,91
528,F,D,1,1,6,0,0,3,3,U,4,4,1,1,2,0,4,4,90,92,91,92
1708,M,H,1,1,6,1,1,5,5,U,5,5,0,1,4,0,5,1,99,97,93,96
991,M,H,0,1,1,0,1,5,5,U,5,3,1,0,0,1,2,4,96,95,80,84
1648,F,H,1,0,5,1,0,5,4,U,2,0,1,0,2,0,6,1,73,74,78,78
399,F,H,0,1,5,0,1,3,5,U,5,4,1,1,0,1,4,5,95,97,91,92
1980,F,H,0,0,7,1,1,4,4,R,2,2,1,0,3,1,5,3,63,58,68,84
152,F,H,1,1,6,1,0,4,5,R,4,1,1,0,1,0,3,3,82,89,79,98
955,F,H,1,1,4,1,1,2,3,U,3,3,0,1,0,1,5,4,71,67,80,84
526,F,H,0,1,3,1,0,3,1,U,3,3,1,1,1,0,4,3,71,75,80,72
874,F,H,1,1,2,0,0,3,4,U,4,2,1,0,0,1,5,4,88,80,100,93
1681,F,D,1,1,8,0,1,1,5,U,2,2,1,0,1,0,4,3,100,98,76,66
472,F,D,0,1,4,1,1,4,3,U,3,4,1,0,1,0,4,5,72,73,74,70
877,F,D,1,1,7,1,1,5,4,U,4,3,1,1,0,2,4,3,91,87,90,89
1666,M,D,0,0,6,1,0,2,1,R,3,2,0,1,1,1,4,2,75,75,76,80
1449,M,H,1,1,5,0,1,4,3,R,5,3,1,1,2,0,4,4,64,83,66,71
1775,F,H,0,1,4,0,0,3,5,U,4,4,1,1,1,0,6,5,95,92,74,87
264,F,D,1,1,5,0,0,1,5,U,5,4,0,1,0,1,2,1,65,75,70,95
312,F,D,0,1,1,1,1,4,4,U,5,5,1,1,0,1,4,4,75,74,73,75
1697,M,H,0,1,2,0,0,1,1,U,3,3,1,0,3,0,4,5,69,69,69,69
270,M,H,1,0,8,0,0,5,5,R,5,4,1,1,2,0,5,2,85,85,98,80
1407,F,H,0,1,6,1,0,2,3,U,5,2,1,1,1,0,5,5,79,73,80,77
1515,M,D,0,1,1,0,0,2,3,U,3,3,1,0,1,0,3,4,83,83,68,85
989,M,H,0,1,4,1,1,3,4,R,5,1,1,0,0,0,7,5,98,90,71,59
1820,M,H,0,1,8,0,0,4,5,U,3,4,1,0,1,0,5,5,93,92,90,92
988,F,H,1,1,5,0,0,4,5,U,2,4,1,0,0,0,9,5,86,83,53,67
1566,F,D,0,1,1,0,1,3,2,U,2,4,1,0,0,1,4,5,98,85,86,86
621,F,D,0,1,6,1,0,4,2,R,5,5,0,0,0,1,4,5,88,44,95,58
503,M,D,0,1,2,0,0,4,4,U,1,2,1,0,1,0,4,5,82,80,80,80
62,M,D,0,1,9,0,0,5,2,U,1,3,0,0,1,0,1,4,95,87,95,92
1447,F,D,0,0,10,1,0,1,3,U,1,0,0,0,4,1,5,2,32,32,30,31
1368,M,H,1,1,7,1,1,5,4,R,2,1,1,0,4,0,5,5,63,66,52,60
302,M,D,0,1,4,1,1,4,2,U,4,5,1,0,0,0,4,5,72,73,74,70
1950,F,D,0,0,4,0,0,4,3,U,4,3,0,1,1,0,4,2,90,91,80,85
1131,M,H,0,1,6,0,0,3,4,U,3,2,1,0,2,0,4,4,88,91,88,89
749,F,D,1,1,2,0,1,4,3,U,2,2,1,1,1,0,2,3,94,80,96,78
1857,F,H,1,1,4,0,0,3,3,R,4,3,0,0,3,0,6,5,94,75,71,80
19,F,H,0,0,4,1,1,2,3,R,5,5,0,0,0,0,15,1,95,93,73,87
446,M,H,0,1,3,0,1,4,5,U,5,4,1,1,0,0,3,5,77,80,76,78
1066,F,D,1,0,1,0,1,3,5,R,2,3,0,1,1,0,4,3,55,45,65,60
992,F,D,1,1,2,0,0,4,4,U,4,5,1,1,0,0,5,4,71,73,67,92
638,M,D,0,1,5,0,1,5,4,U,2,2,0,0,2,1,4,4,89,70,92,86
1574,F,D,0,0,3,0,1,5,4,U,2,0,0,1,2,1,2,2,80,82,83,82
793,F,D,0,1,2,0,1,4,4,U,1,1,1,1,2,0,4,4,77,82,81,79
60,F,H,0,0,1,0,1,5,5,R,3,1,1,0,0,0,5,4,88,81,94,87
1933,F,H,1,1,7,1,1,2,2,R,2,2,1,1,0,0,3,3,89,91,79,85
58,M,H,1,1,6,0,1,3,2,U,3,5,0,1,0,1,15,2,87,96,74,85
1035,F,D,1,0,2,0,0,3,5,U,3,3,1,0,4,0,5,4,90,82,98,96
1536,F,D,0,1,2,0,1,2,3,U,3,3,0,1,0,0,3,5,60,65,86,88
1881,F,D,1,0,7,1,1,5,5,R,5,5,0,1,2,1,5,5,93,89,78,84
1737,M,H,0,1,4,0,1,3,3,U,4,4,1,0,5,0,4,1,88,96,92,92
1686,M,D,0,0,0,0,1,4,1,U,4,4,1,0,4,0,4,5,0,0,0,0
1089,M,D,1,1,2,0,1,4,5,R,1,2,1,1,0,0,4,4,67,69,61,62
593,F,D,0,0,6,0,1,5,4,U,1,5,0,0,0,0,5,5,88,87,89,95
211,M,D,1,1,2,0,1,2,2,U,3,5,1,0,2,1,3,3,34,82,95,75
678,M,H,0,1,5,0,1,3,4,R,4,2,1,0,0,0,4,4,65,66,75,72
1143,F,H,0,1,1,1,1,3,2,R,3,3,0,0,1,0,4,5,70,75,90,89
1023,M,H,1,1,1,1,1,3,3,U,5,1,1,1,0,1,2,5,68,50,60,62
466,M,H,1,1,8,0,1,4,2,U,5,4,1,1,0,0,3,5,99,99,97,95
189,F,H,1,1,6,1,1,2,4,R,3,1,1,0,1,1,4,4,88,85,79,99
192,F,H,1,1,7,1,1,4,5,R,4,1,1,0,3,0,3,3,85,91,82,98
616,M,H,0,1,4,1,1,5,4,U,4,2,0,0,0,1,5,4,68,99,96,54
607,F,D,1,0,4,0,1,4,2,U,5,5,0,0,0,1,5,4,65,65,96,65
2039,M,H,0,1,10,0,0,5,5,R,1,2,1,0,2,1,4,5,71,61,69,61
568,M,D,1,0,2,1,0,5,4,R,1,1,0,0,1,0,6,5,86,55,98,98
75,F,H,1,0,8,0,1,3,3,U,5,1,1,0,1,0,1,2,77,89,70,78
1997,M,H,1,1,7,1,1,3,4,R,2,1,1,1,4,1,4,3,64,85,58,72
828,F,D,1,0,1,2,3,5,3,U,5,4,1,0,0,0,5,5,94,100,93,92
1662,M,H,1,1,1,0,0,2,1,R,2,0,1,1,0,0,4,2,59,61,65,63
654,M,D,0,1,3,1,0,3,4,U,3,3,1,0,0,0,4,5,86,84,83,89
334,F,D,0,1,2,0,1,4,4,U,5,2,1,0,0,0,4,4,87,90,88,87
1409,M,H,1,1,10,1,1,3,3,U,5,3,1,1,0,0,3,1,76,67,81,75
582,M,H,0,0,4,1,1,3,5,R,0,5,1,0,0,0,2,2,65,46,69,96
1225,M,D,0,1,3,1,0,3,4,U,2,1,1,1,1,0,4,1,88,84,80,74
1315,M,H,1,1,4,0,1,4,2,U,4,4,1,0,0,1,4,2,87,90,83,88
1497,F,H,0,1,3,0,1,2,3,U,4,5,1,0,0,0,5,4,91,64,70,78
1874,F,D,0,0,4,1,0,2,4,U,1,1,1,0,0,0,3,2,87,89,78,84
386,F,D,0,1,5,1,1,2,5,U,5,5,1,1,0,0,3,5,87,88,85,85
52,F,H,1,1,5,1,1,3,4,R,2,3,1,1,1,0,15,4,80,68,68,72
116,F,D,0,1,4,1,0,4,4,R,4,3,1,1,2,1,3,3,92,99,91,98
1709,F,H,1,1,0,1,1,1,5,U,5,5,0,0,4,0,1,1,11,11,15,12
1111,M,H,0,1,1,0,1,5,3,U,2,3,1,1,2,0,4,3,69,72,71,70
897,M,H,1,0,5,0,0,3,4,U,3,3,1,1,0,1,5,5,85,83,95,88
1264,M,H,0,1,6,1,1,3,3,U,3,2,1,0,1,0,4,3,88,87,71,81
1247,F,D,0,1,1,0,1,3,4,U,4,5,1,1,1,0,4,5,75,76,87,81
1174,M,D,0,1,2,0,1,3,5,U,3,5,1,0,1,0,4,5,66,67,68,71
803,M,D,0,1,4,0,1,3,4,U,2,2,1,1,1,0,3,4,82,90,94,90
1602,M,D,0,1,7,1,0,5,5,U,2,4,1,0,4,1,5,4,62,60,63,65
1145,F,H,0,1,1,1,1,2,4,R,3,1,0,0,1,0,4,5,75,80,72,75
1875,M,H,1,1,5,1,1,3,4,R,4,3,0,0,2,1,5,4,93,86,76,81
1854,M,H,1,1,5,0,1,3,4,U,3,3,0,0,1,1,5,4,91,80,70,80
835,M,H,0,0,1,1,4,5,4,U,3,3,1,0,0,0,3,5,75,82,100,92
785,M,D,1,1,4,0,1,1,1,U,4,0,1,1,1,0,4,3,91,91,92,90
1829,M,H,1,1,10,0,1,3,4,R,3,3,0,0,1,0,7,5,81,91,65,79
1099,F,D,1,1,2,0,0,2,4,U,2,2,0,0,4,1,3,4,78,80,82,79
1548,F,D,0,1,2,0,1,1,2,U,4,3,1,0,0,0,3,4,96,75,75,77
1821,M,H,0,1,8,0,0,3,3,U,2,2,1,0,1,1,3,3,94,94,81,90
1027,F,H,1,1,1,0,1,3,3,R,5,5,0,1,0,0,3,4,77,51,62,49
662,M,H,1,1,9,0,1,5,5,R,5,5,1,0,0,1,5,5,78,79,80,81
647,M,H,0,1,18,0,0,3,5,U,3,2,1,0,0,0,14,5,79,79,80,81
1765,M,D,0,1,2,1,0,4,3,R,2,3,1,0,4,1,4,4,50,91,84,79
718,M,D,0,1,2,0,1,5,5,U,3,4,1,1,1,0,4,5,77,81,82,85
618,M,H,1,1,1,0,1,4,5,U,1,2,0,0,0,1,5,4,65,77,96,86
1608,F,D,0,1,4,1,1,5,3,U,1,3,1,0,4,1,6,5,66,61,61,65
1100,F,D,1,1,4,0,0,3,3,R,3,1,1,0,2,1,5,4,46,50,59,55
970,M,H,0,1,1,1,0,2,4,R,2,1,1,0,0,1,8,5,87,80,53,67
1794,F,H,1,1,3,0,1,3,5,U,4,4,1,1,1,1,7,5,94,90,67,84
1478,M,H,1,1,2,0,1,3,5,U,5,4,1,1,0,0,3,5,64,87,84,78
1818,M,D,0,1,1,0,1,2,3,U,3,3,1,0,1,1,4,4,85,77,83,82
819,M,H,0,0,0,2,3,4,3,R,4,2,1,0,0,2,3,4,85,98,97,96
1689,F,H,0,1,2,1,1,3,4,R,2,2,1,1,1,0,5,5,78,75,87,80
1807,M,D,0,1,1,0,0,2,1,U,5,5,0,0,1,1,4,1,79,76,68,74
1940,F,H,0,1,5,0,1,4,4,U,4,4,0,0,3,1,6,5,87,90,78,83
1572,M,H,0,1,5,0,1,2,4,R,5,5,1,0,4,1,5,4,51,55,54,58
1060,M,H,0,1,2,0,1,3,5,U,4,4,1,0,3,1,3,4,54,78,87,65
1274,F,H,1,1,5,1,1,2,4,R,3,4,1,1,1,0,3,5,90,85,76,87
1739,M,D,0,0,1,0,1,3,5,U,1,3,1,0,2,1,4,5,84,87,83,84
517,F,D,0,1,1,0,1,3,4,U,3,1,0,0,1,0,4,4,67,63,62,63
1843,M,H,0,1,2,0,1,3,3,R,3,3,1,0,3,0,4,4,88,83,64,78
1093,F,D,1,1,2,0,1,4,1,R,1,2,1,1,2,1,4,4,31,45,50,46
2040,F,H,0,0,10,1,1,1,3,R,5,3,1,1,0,1,4,2,59,57,84,65
54,M,D,0,0,2,0,0,5,1,R,5,4,1,0,1,1,4,3,93,74,89,85
293,F,D,0,1,8,0,1,2,4,R,1,4,1,0,3,1,3,5,73,60,94,75
936,M,H,1,1,6,1,1,2,5,R,3,1,1,0,0,0,5,5,71,64,84,53
1509,M,D,1,1,1,0,1,2,3,U,3,4,1,0,3,0,4,5,88,87,85,85
74,F,H,0,0,6,1,0,2,5,R,3,0,0,1,0,0,11,4,93,69,77,79
397,F,D,0,1,7,0,1,5,5,U,4,4,1,1,0,0,3,5,99,98,98,98
1336,F,H,1,1,2,1,0,2,3,U,3,3,1,0,1,1,5,3,86,89,80,87
1129,F,D,1,1,1,0,1,1,1,U,4,4,1,0,0,1,4,5,67,89,82,76
1951,F,D,1,1,6,1,1,2,2,R,2,2,0,0,2,1,5,5,91,89,77,82
1389,F,H,1,1,10,0,0,2,3,U,1,0,0,0,1,0,3,5,96,99,97,97
1577,F,D,1,1,1,0,0,1,5,U,4,2,0,1,0,1,6,3,87,92,88,93
1197,M,H,0,1,1,1,1,3,4,U,4,3,1,0,1,0,5,3,81,83,47,87
1398,M,H,0,1,2,1,1,2,4,R,3,2,1,1,4,1,4,1,63,51,47,54
692,F,H,1,1,5,1,1,4,5,U,5,4,1,0,0,1,3,5,82,90,92,92
499,F,H,0,1,0,0,1,3,4,U,1,1,1,0,1,0,5,5,80,81,80,80
1312,M,D,0,0,5,1,0,4,4,U,4,4,1,0,1,1,4,4,89,92,79,90
1373,M,H,0,1,5,0,1,3,2,R,4,1,1,0,2,1,3,4,30,31,38,33
1070,F,D,0,0,1,1,1,3,2,R,2,2,1,0,1,1,3,4,45,54,57,50
1907,F,D,1,1,6,1,1,3,3,R,3,3,1,0,2,1,5,5,93,88,80,87
65,F,H,0,1,2,0,1,3,2,R,1,3,0,0,1,1,6,2,81,88,76,81
2023,M,H,0,0,8,0,1,5,3,R,3,2,1,0,0,1,3,1,59,61,71,78
1958,M,H,0,1,5,0,1,5,5,U,5,5,1,1,3,1,6,4,87,89,78,83
1361,M,D,0,0,4,1,0,2,4,R,2,2,1,0,0,1,6,1,87,90,79,93
958,F,H,1,1,1,0,1,1,5,R,1,4,1,0,0,0,5,4,62,84,71,73
512,F,D,1,1,5,0,0,4,4,U,4,4,1,1,2,1,3,5,87,92,91,87
1195,F,H,0,1,5,0,1,3,3,R,1,1,0,0,1,0,4,4,79,75,96,76
1823,F,H,0,1,3,0,1,3,4,R,3,3,0,0,1,0,4,5,91,78,87,85
895,M,D,0,1,3,0,0,5,5,U,4,2,1,1,0,2,5,5,83,84,90,86
1859,F,H,1,1,1,0,0,3,4,R,3,3,1,0,1,0,4,5,86,94,89,86
1824,F,H,0,1,2,0,1,3,3,U,3,3,0,0,1,1,10,4,95,93,86,91
1222,M,D,0,1,6,0,1,4,4,U,5,5,1,0,1,0,4,5,85,60,83,79
672,F,D,1,1,4,0,0,5,5,U,5,4,1,1,0,1,3,5,92,92,89,95
1919,M,D,1,1,6,1,1,3,3,R,3,3,0,1,2,1,5,5,90,90,78,83
1280,F,D,0,1,3,1,1,5,4,R,5,5,1,0,3,1,4,5,86,89,83,96
1440,F,H,1,1,1,1,0,5,5,U,4,3,1,1,4,0,5,1,98,99,97,98
1268,M,D,1,1,2,0,0,4,4,U,4,4,1,1,1,0,5,5,68,69,79,76
729,M,D,0,1,2,0,0,2,1,U,4,3,1,1,1,0,5,4,72,76,71,72
1994,M,H,0,0,7,0,1,5,3,R,5,3,1,0,4,1,4,5,77,82,66,61
2035,M,H,0,1,10,1,0,3,4,R,2,1,1,0,0,1,4,1,55,71,90,83
261,M,D,0,1,3,1,0,1,5,R,5,4,0,1,1,1,2,1,95,57,46,82
2051,F,H,0,1,4,0,1,4,5,R,1,2,1,0,1,0,5,4,79,55,83,80
438,F,D,0,1,8,0,1,4,4,U,2,5,1,1,0,0,3,5,92,94,92,91
1791,F,H,0,1,3,1,0,3,4,R,3,3,1,0,1,1,6,4,98,98,74,90
1475,F,D,1,1,2,0,1,4,4,U,4,3,1,1,4,0,3,5,90,90,75,73
821,F,D,1,0,6,0,1,4,3,U,4,2,1,0,2,2,3,5,87,95,99,93
1201,M,H,0,1,3,1,0,3,3,R,1,1,0,0,1,0,3,5,75,75,78,73
2009,M,D,0,1,6,1,1,4,4,U,3,3,1,0,0,0,3,3,72,57,76,62
720,F,D,0,1,3,0,1,4,4,U,2,1,1,1,1,0,4,5,38,67,78,93
310,F,D,0,1,1,1,0,4,4,U,2,4,1,0,1,0,4,4,86,80,80,82
32,M,D,1,0,6,0,0,2,4,R,3,2,0,1,1,0,2,4,93,72,72,79
716,F,D,1,0,2,1,0,5,1,U,4,4,1,1,1,1,6,4,87,92,91,87
1703,M,H,0,1,5,0,1,4,4,U,5,3,1,0,1,1,4,5,94,69,71,78
838,M,D,1,1,3,1,4,4,4,U,4,5,1,1,0,1,5,3,78,86,90,89
518,F,D,1,1,1,0,0,3,3,U,4,4,1,0,1,0,5,3,75,65,70,80
866,F,D,0,0,7,1,0,3,5,U,2,4,1,0,0,1,4,5,80,90,92,90
229,M,H,0,0,5,0,1,3,5,R,2,4,1,1,1,0,7,3,84,66,70,78
1266,M,D,0,1,6,1,0,3,5,R,1,1,0,0,1,0,5,1,75,75,88,72
42,F,H,0,1,3,1,0,1,2,R,1,3,0,0,1,1,5,3,89,95,78,87
1436,F,H,1,0,4,0,0,1,5,R,2,1,1,0,0,0,5,3,32,30,30,31
1747,F,D,1,1,3,1,0,3,3,U,3,4,1,0,1,1,4,5,80,92,96,89
533,M,H,0,1,1,0,1,4,4,R,4,3,0,0,2,0,4,5,73,71,72,83
1050,M,D,1,1,1,1,1,5,5,U,4,3,1,1,1,1,3,3,74,67,62,68
1209,M,D,0,1,4,1,1,1,3,U,2,2,0,1,1,0,4,4,88,88,45,84
822,M,D,0,0,6,1,0,3,5,U,5,2,1,1,3,1,4,3,88,96,100,95
626,M,D,0,1,1,0,0,3,5,R,4,5,0,0,0,0,6,4,87,78,54,96
1939,M,D,1,1,6,1,1,3,3,R,3,3,1,0,2,1,5,4,88,92,77,82
690,M,H,0,1,3,1,0,4,3,U,3,4,1,1,1,0,5,4,87,86,89,87
1367,F,D,0,1,10,0,0,5,5,U,2,1,1,0,0,0,5,4,92,80,99,90
940,M,D,0,1,3,1,0,2,5,R,2,1,0,0,0,0,4,3,83,88,81,69
2000,F,D,0,1,8,0,1,5,3,R,3,3,1,1,4,0,3,5,54,75,60,63
1502,F,D,0,1,1,0,1,2,3,U,4,2,1,0,1,0,4,4,95,70,76,85
243,M,H,0,1,3,1,0,3,5,U,1,1,1,0,4,1,3,4,65,96,84,70
677,F,D,0,1,5,0,1,4,4,U,4,3,1,1,0,1,7,4,78,78,80,84
552,M,H,0,0,5,0,0,4,3,U,0,4,0,1,0,0,5,4,89,87,96,94
1330,M,D,0,0,4,1,1,3,4,R,3,3,1,1,1,1,3,4,88,91,78,92
194,F,D,0,1,9,1,1,4,4,R,3,1,1,0,3,0,3,4,80,82,71,94
1622,F,H,1,1,5,1,0,1,3,U,2,2,0,1,4,1,5,3,55,54,58,57
298,F,H,1,1,9,0,1,5,3,U,1,4,1,0,0,0,3,3,60,69,56,85
1085,F,D,0,1,1,0,0,3,1,R,3,3,1,1,4,1,5,5,90,89,91,90
71,M,H,0,0,9,0,0,2,5,U,4,1,0,1,0,0,13,1,75,66,91,77
369,F,D,0,1,7,0,1,4,5,U,5,4,1,1,0,0,4,5,92,91,89,91
906,F,D,0,0,7,0,3,4,4,U,4,3,1,1,0,0,3,3,94,95,95,93
875,M,H,0,1,3,2,2,3,4,U,4,2,1,0,0,2,3,3,89,99,88,94
612,M,D,1,0,6,0,0,5,2,R,1,2,1,0,0,1,5,2,72,67,96,84
1498,F,H,0,1,3,0,1,3,4,U,4,3,1,0,0,0,2,5,64,65,81,89
1627,F,D,0,0,5,0,0,4,4,U,3,3,0,0,2,1,3,5,82,87,84,85
1856,F,H,0,1,2,0,1,3,5,U,4,4,1,0,1,1,5,4,84,84,81,83
829,F,D,0,1,7,0,1,3,3,U,5,5,1,1,0,0,5,4,95,88,94,91
1878,M,H,0,0,4,0,0,2,2,U,2,2,0,0,0,0,6,2,88,90,81,87
1056,F,D,0,1,1,0,0,3,5,U,2,2,1,1,2,0,4,1,78,67,77,73
1887,F,D,1,1,6,1,1,3,3,U,3,3,0,0,1,0,3,3,92,91,76,81
933,F,D,0,1,3,1,0,3,4,R,5,2,0,1,0,1,6,5,61,54,67,53
344,F,D,0,1,1,0,1,2,4,U,4,2,1,0,1,0,5,4,70,72,68,75
221,M,H,1,1,2,0,1,3,2,U,3,3,1,1,2,0,5,3,97,59,68,67
844,M,D,1,1,4,2,3,5,4,U,4,2,1,1,0,1,4,3,84,96,96,93
1381,M,H,0,1,3,1,0,4,3,U,5,1,1,0,3,1,4,2,82,99,73,85
203,F,H,1,1,3,0,1,2,1,U,3,3,1,0,0,1,3,1,55,56,84,84
1795,M,H,1,1,5,0,1,3,3,R,3,3,1,0,4,1,5,4,76,78,70,75
817,F,D,1,1,1,2,1,5,5,U,5,2,1,1,0,0,4,3,83,93,95,92
1235,M,D,0,1,4,1,1,3,3,U,1,1,1,0,1,0,5,4,88,95,88,67
1076,F,H,0,1,2,0,1,5,5,R,4,3,1,1,2,1,3,5,90,91,95,93
689,F,D,1,1,5,1,0,4,5,U,3,4,1,1,0,0,4,4,80,80,82,82
1983,F,H,1,1,8,1,0,3,4,R,2,1,1,0,1,1,4,3,76,61,89,64
474,F,D,0,1,2,1,0,3,5,U,3,1,1,0,1,0,6,4,76,70,68,71
1750,M,H,0,1,1,0,1,5,4,U,4,4,1,1,1,1,3,5,99,82,83,87
36,M,H,1,0,9,1,0,1,3,R,1,0,0,0,0,1,11,5,80,70,68,72
132,M,H,0,1,6,1,0,5,4,U,3,1,1,0,4,0,4,5,80,85,73,98
317,M,D,0,1,1,1,1,4,4,U,5,5,0,0,0,0,4,2,80,82,81,82
292,M,H,0,1,7,0,1,2,4,U,1,4,1,0,4,0,2,5,78,60,87,62
1486,M,D,0,1,2,0,1,5,3,U,4,5,1,0,1,1,3,5,95,75,76,84
405,M,H,0,1,7,0,1,5,5,U,5,4,1,0,0,0,4,5,77,75,70,73
1890,F,H,0,1,4,0,0,2,3,R,2,2,1,1,1,0,4,2,93,88,77,82
1046,F,D,0,1,1,0,0,5,2,R,4,4,1,1,3,1,4,4,87,89,91,89
1167,M,D,0,1,3,0,0,1,2,U,3,5,1,0,1,1,4,5,80,80,92,80
223,M,H,1,1,9,0,1,3,3,U,3,4,1,1,2,0,5,3,60,58,58,84
1813,M,D,0,1,3,0,1,2,3,U,4,3,0,0,1,0,4,5,84,78,87,83
28,F,H,0,0,5,0,1,4,3,R,4,2,1,1,0,1,5,4,87,74,79,80
1135,M,H,1,1,7,1,1,5,5,U,4,3,1,0,1,0,4,5,78,86,76,86
784,M,D,1,1,2,0,1,4,5,U,4,3,1,1,2,0,4,4,82,85,83,84
2042,F,D,0,1,8,0,1,2,3,R,4,1,1,1,4,0,3,2,50,70,58,70
1740,M,D,0,1,2,0,1,3,5,U,3,4,1,1,3,1,4,4,97,100,84,93
38,F,D,0,0,5,1,0,4,2,R,1,2,1,0,1,0,9,2,88,87,76,83
493,F,D,0,1,2,1,1,4,4,U,4,4,1,0,1,0,4,5,89,91,91,88
1784,M,H,0,1,2,0,1,3,4,U,4,4,1,0,1,0,4,5,97,96,87,93
928,M,D,0,1,3,0,1,2,4,R,5,5,0,0,0,0,9,5,95,96,88,87
428,M,D,0,1,5,0,1,4,5,U,5,4,1,0,0,0,4,5,78,75,74,76
1211,M,D,0,1,8,1,1,3,5,U,1,1,1,1,1,0,4,4,79,70,77,76
1181,M,D,0,1,5,0,1,2,3,U,5,2,1,0,1,0,4,3,77,70,86,91
1559,F,D,0,1,1,0,1,1,2,U,3,4,1,1,0,0,5,4,54,70,86,77
1991,F,H,1,1,9,0,1,2,3,U,1,1,1,0,0,0,5,3,72,77,58,78
1188,F,H,0,1,2,1,1,3,3,R,3,1,0,0,1,0,5,5,79,79,60,82
519,F,D,0,1,2,0,1,3,3,U,4,1,0,0,2,0,3,4,71,70,70,72
904,F,H,1,0,6,0,3,3,5,U,5,3,1,0,0,2,5,5,92,85,97,91
1183,M,H,0,1,6,0,1,3,4,U,3,3,1,0,1,0,4,5,84,83,89,68
1095,F,H,0,1,2,0,1,4,2,R,4,3,1,1,2,0,3,4,34,39,45,44
815,M,D,1,1,7,1,2,5,3,U,3,2,1,0,0,1,4,5,81,88,93,89
719,F,D,0,1,2,0,0,5,2,U,4,4,1,1,1,0,5,3,91,90,55,97
1736,F,D,0,1,3,1,1,4,4,U,3,4,0,1,4,1,4,3,94,84,80,86
553,F,H,1,1,7,0,1,1,3,U,0,5,1,1,0,1,6,5,98,65,96,93
1251,F,H,1,1,5,1,1,3,5,U,1,1,0,0,1,0,6,5,75,74,67,95
1017,M,H,0,1,4,1,1,5,3,R,5,4,0,0,0,0,5,5,71,96,81,88
1482,M,H,1,1,2,0,1,3,5,U,4,3,1,0,0,1,4,4,80,81,66,78
1021,F,H,1,1,2,1,1,3,5,R,4,5,1,1,0,0,8,5,73,83,88,84
1074,M,D,1,1,1,0,0,4,1,U,2,2,1,1,0,1,4,5,67,66,70,79
278,M,D,0,0,2,0,0,4,4,R,2,5,1,0,1,0,4,5,82,69,54,64
1712,F,D,1,1,2,0,1,3,4,U,4,4,1,1,1,0,3,4,82,85,81,82
583,F,D,1,1,2,1,0,2,3,U,0,4,1,1,0,1,3,4,38,67,78,93
765,F,D,0,1,2,0,1,5,1,U,4,3,1,1,1,0,5,4,98,65,96,93
1313,F,H,1,1,3,0,1,3,2,U,3,2,1,1,0,1,3,2,86,89,77,89
562,M,D,0,0,6,0,0,5,4,R,5,4,0,0,2,0,5,5,99,87,55,94
385,M,H,1,1,4,0,1,3,5,U,4,4,1,1,0,0,3,5,98,97,96,94
234,F,D,0,1,7,0,1,2,5,R,2,2,1,0,1,0,4,5,86,82,80,82
1239,M,H,0,1,2,1,1,2,3,R,2,2,0,0,1,0,4,4,65,70,81,71
1301,F,H,1,1,2,1,0,4,5,U,4,4,1,0,0,1,4,5,85,88,76,98
318,F,D,0,1,4,0,1,4,4,U,2,4,1,0,0,0,3,4,85,82,86,83
698,F,D,0,1,3,0,0,2,4,R,3,2,1,0,0,1,3,3,89,87,84,92
964,M,H,0,1,6,1,1,3,5,R,2,3,1,0,0,1,4,4,60,49,68,66
1316,F,D,0,0,3,1,1,5,1,U,5,5,1,1,1,0,6,1,89,92,78,89
1696,F,D,0,1,1,1,1,3,3,U,3,2,1,0,1,0,4,5,78,88,81,82
2056,F,H,1,0,4,0,0,1,4,R,3,3,1,0,1,1,3,3,72,55,86,68
2003,M,H,1,1,6,1,0,4,4,R,5,3,1,1,2,1,3,5,78,79,56,83
1798,M,H,1,1,9,0,0,3,3,R,3,3,1,0,2,1,6,3,80,78,70,76
1556,M,H,0,1,2,0,1,3,3,U,4,4,1,0,0,0,3,4,82,82,67,80
1707,F,H,0,1,3,0,0,3,4,U,5,5,1,1,1,0,4,5,98,93,75,88
1433,F,H,1,0,5,1,0,2,3,U,4,1,1,0,1,1,3,3,35,52,30,39
323,F,D,0,1,2,1,1,4,4,U,5,5,1,0,0,0,4,5,89,91,91,88
1318,M,D,0,0,5,1,1,5,4,R,5,4,1,1,0,0,4,4,85,88,82,82
538,F,H,0,0,3,0,0,3,4,R,3,3,0,0,1,0,4,4,78,67,69,80
459,F,D,0,1,3,0,1,4,4,U,5,4,1,0,0,1,4,5,90,89,92,93
1588,F,H,0,0,4,1,1,4,4,R,4,1,1,0,3,0,4,3,51,47,49,54
1995,M,H,0,1,7,1,0,1,3,R,3,1,1,0,2,1,5,4,65,77,63,65
341,F,D,1,1,7,1,1,2,4,R,4,4,0,0,1,1,5,2,76,69,72,74
1745,F,D,1,1,2,0,1,3,1,U,2,4,1,1,1,1,4,5,76,94,82,82
781,F,H,1,1,2,1,0,4,5,R,1,1,1,1,2,1,4,3,59,57,52,56
1004,M,D,0,1,1,0,1,3,4,R,5,1,0,0,0,1,5,5,84,95,66,95
1443,F,D,1,1,10,0,0,1,1,U,5,3,1,1,2,0,5,5,81,94,81,85
40,M,H,1,0,4,1,0,3,2,R,5,0,0,0,0,0,8,5,81,71,78,76
608,M,D,1,1,6,1,1,5,3,R,2,2,1,0,0,0,4,5,87,43,96,64
1607,F,D,0,1,3,0,1,3,2,U,2,0,0,1,2,1,3,3,65,69,70,72
1045,M,H,1,1,3,0,0,2,3,R,2,2,1,1,2,0,4,4,49,55,60,52
631,F,H,1,1,5,1,0,2,2,U,4,4,1,0,1,1,5,4,84,69,92,65
483,M,D,0,1,1,0,0,1,3,R,1,2,1,1,1,0,4,4,68,67,67,8
1869,M,H,1,1,5,1,1,3,4,U,4,3,1,1,1,0,4,3,92,85,75,80
1186,F,D,0,1,2,0,1,3,4,U,1,1,1,0,1,0,4,5,82,83,64,85
218,M,H,0,0,3,0,1,5,2,U,3,5,1,1,2,1,2,3,50,97,63,50
1596,M,H,0,1,7,1,1,4,3,U,0,1,1,1,0,1,4,5,88,90,88,89
2026,F,H,1,1,5,1,1,5,4,R,1,1,1,1,0,0,4,3,66,82,57,67
845,F,H,0,0,2,1,4,5,4,U,3,3,1,1,0,2,5,4,85,91,97,94
1043,M,D,1,1,1,0,1,4,5,R,4,4,1,0,4,0,4,4,60,80,76,79
1141,M,H,0,1,8,0,1,4,5,U,3,5,1,1,1,0,3,5,90,94,80,75
81,F,D,0,0,3,1,1,4,3,U,4,1,0,0,1,1,11,5,91,77,93,87
1635,M,H,0,0,3,0,0,3,2,U,2,1,0,0,1,1,6,1,64,63,66,65
1657,F,D,1,1,6,0,1,5,1,U,2,1,0,0,1,0,5,2,62,57,53,60
1733,M,D,0,1,1,0,0,4,5,U,4,4,1,1,4,0,3,5,66,92,85,81
1547,M,D,1,1,2,0,1,2,1,U,4,2,1,0,0,0,3,4,95,81,89,78
1062,M,D,1,1,2,0,1,4,5,R,4,4,1,0,2,0,5,4,54,66,67,63
1329,F,H,1,1,3,0,1,4,3,U,3,3,1,1,0,1,4,3,89,92,80,93
1858,M,H,0,1,6,0,0,3,6,U,3,2,1,0,0,0,6,4,90,91,92,95
1030,M,D,0,1,4,1,1,3,4,R,2,1,0,0,0,0,6,4,80,87,96,77
1777,M,H,0,1,5,0,1,3,3,U,3,3,1,0,2,1,5,4,78,90,67,78
1992,M,H,1,0,8,0,1,1,4,R,3,3,1,1,3,1,4,5,51,57,83,78
1757,F,D,0,1,1,0,0,4,5,U,2,2,1,0,3,1,3,3,53,76,100,72
569,F,D,0,0,1,0,1,4,5,U,2,2,0,0,0,1,6,4,86,67,87,97
1715,F,D,1,1,5,1,0,4,5,U,3,4,1,0,1,0,4,5,87,85,87,86
632,M,H,0,1,4,0,1,5,3,U,5,4,0,0,1,0,5,3,88,79,91,86
560,M,H,0,0,4,0,0,5,4,R,1,4,0,0,1,0,5,4,88,82,89,96
1400,F,H,0,1,14,0,1,3,5,R,3,1,1,0,4,0,4,2,90,99,89,93
1964,F,H,0,1,9,0,0,4,4,R,4,2,1,0,3,1,4,3,74,56,65,84
1434,F,H,0,1,11,0,0,1,3,R,2,1,1,0,2,1,3,5,100,99,90,96
1802,M,H,1,1,8,0,1,4,4,U,4,5,0,0,1,0,5,4,92,91,77,87
1418,M,H,1,1,8,1,1,5,3,R,1,0,0,0,3,1,4,4,59,52,49,53
1674,F,H,1,1,4,0,1,4,4,U,4,4,1,0,1,0,4,5,81,84,82,82
470,M,D,0,1,2,0,1,3,3,R,2,1,0,1,1,0,2,3,77,78,80,77
83,M,H,1,1,2,0,0,5,4,U,3,0,1,1,1,1,14,4,86,72,70,76
1323,F,H,1,1,3,0,0,5,3,U,5,4,1,0,0,1,5,3,87,90,81,87
217,M,H,1,0,4,0,1,4,2,U,3,5,1,1,2,1,2,3,50,74,64,90
1625,F,H,0,1,5,0,0,3,3,R,5,0,0,1,1,1,3,1,81,82,80,85
1041,F,D,1,1,2,0,0,4,2,R,4,4,1,1,1,1,4,3,78,67,89,75
1214,F,D,0,1,6,0,0,3,5,U,2,3,1,0,1,0,5,5,87,85,45,80
1350,M,D,0,0,5,1,0,4,4,R,4,4,1,0,1,1,4,4,89,92,79,87
401,M,H,0,1,3,0,1,5,4,U,5,3,1,1,0,0,4,5,88,88,88,87
864,M,H,1,1,3,2,3,3,3,U,5,2,1,0,0,0,4,5,78,96,90,92
18,F,D,0,0,1,0,1,5,3,U,3,0,1,1,0,1,12,4,74,79,84,79
1704,M,D,0,1,2,0,1,3,4,U,2,2,1,0,1,0,4,5,81,81,83,82
610,M,D,0,0,5,1,1,4,4,U,4,5,1,0,0,1,5,5,78,45,98,87
93,M,D,1,1,7,1,0,3,3,R,5,4,0,0,1,0,4,4,74,83,74,77
1391,M,D,0,0,8,1,1,5,3,U,5,3,1,1,3,1,5,5,32,50,34,39
1541,M,D,1,1,2,0,1,1,3,R,2,3,0,0,0,1,4,5,89,84,78,88
1479,M,H,1,1,2,0,1,3,5,U,4,4,1,0,0,0,3,4,56,80,65,89
1982,M,D,1,1,6,1,1,2,5,U,3,3,1,1,1,0,4,5,79,74,70,68
871,F,H,0,0,6,0,1,4,4,U,4,2,1,0,0,2,5,4,85,84,97,94
338,F,D,1,1,6,0,0,2,2,U,5,5,1,0,0,1,6,4,95,92,94,76
1663,F,D,1,0,1,0,1,1,3,U,5,2,1,0,1,0,5,3,68,66,62,67
754,F,D,0,1,2,1,1,5,5,U,4,3,1,1,1,1,3,5,50,97,63,50
688,M,D,0,1,3,0,0,5,5,U,3,4,1,1,0,0,4,5,98,98,98,98
246,F,H,1,1,4,1,0,4,5,U,1,1,1,0,3,1,3,4,84,90,85,71
1624,F,H,0,1,3,1,1,5,1,R,4,1,1,1,2,0,5,2,62,59,61,65
966,F,H,0,1,3,1,1,3,5,R,5,4,1,1,0,1,2,5,42,69,73,53
1848,F,H,0,1,6,0,0,3,3,R,3,3,1,0,2,1,5,5,88,92,72,84
929,M,H,1,1,5,0,1,3,4,U,5,2,1,0,0,0,4,5,82,71,53,52
1633,M,D,1,0,5,0,1,5,2,R,4,3,1,1,0,0,2,2,65,63,63,68
914,M,H,1,1,3,1,1,3,5,U,5,4,1,0,0,1,7,5,59,83,54,47
990,F,H,0,1,6,0,0,2,3,U,5,2,1,1,0,1,5,5,51,78,95,71
1317,F,H,1,1,2,1,0,2,3,U,3,3,1,0,1,1,5,3,86,89,80,86
320,F,D,0,1,3,1,0,2,4,U,2,4,1,0,0,0,3,5,74,72,70,74
449,F,D,0,1,4,0,1,4,3,U,3,4,1,1,0,0,4,1,73,70,71,69
771,F,D,0,1,2,1,1,1,1,U,1,2,1,1,1,1,2,4,56,94,99,99
1979,M,D,0,0,4,0,1,2,5,R,4,3,1,0,0,0,5,1,69,74,71,68
539,F,H,1,1,5,1,1,1,5,R,2,0,0,0,0,1,3,5,90,89,96,90
1493,M,D,1,1,2,0,1,5,3,U,4,5,1,0,1,0,5,5,82,77,75,80
126,F,D,0,1,4,1,1,5,3,R,2,1,1,0,2,1,4,4,85,91,79,90
183,F,D,0,1,6,1,0,5,5,R,1,1,1,1,3,0,4,4,85,86,79,91
584,M,H,1,0,3,1,1,1,5,R,2,5,1,0,0,0,5,5,54,65,89,97
967,F,D,1,1,2,0,0,2,5,R,5,1,0,0,0,1,3,2,50,77,61,71
108,M,D,0,1,5,1,1,5,5,R,5,4,1,1,0,1,3,2,73,69,81,97
742,M,D,0,1,2,0,1,2,2,U,3,3,1,1,1,0,3,5,94,80,96,78
1432,F,D,0,1,12,1,0,5,4,R,2,1,1,0,0,1,5,4,53,39,55,49
133,M,H,0,1,7,1,1,5,4,R,4,3,1,1,1,1,4,4,90,95,86,91
1899,M,D,1,1,6,1,1,4,4,U,4,4,0,1,2,1,5,4,88,92,76,81
2024,M,H,0,0,8,1,1,1,3,R,2,1,1,0,0,0,3,4,54,55,74,60
2002,M,D,0,1,5,1,0,5,5,R,5,3,1,0,0,0,5,4,61,84,64,84
1051,M,D,1,1,2,0,0,4,1,R,4,3,1,1,0,0,4,4,73,88,89,82
1094,F,D,0,1,3,0,1,5,4,U,4,3,1,1,1,0,4,3,89,92,87,89
587,F,H,0,1,4,1,0,4,5,U,5,4,0,0,0,1,6,2,94,92,78,90
826,M,D,0,1,0,0,4,3,4,U,3,4,1,0,0,2,4,5,92,80,91,88
1242,F,D,1,1,2,0,1,3,4,U,5,4,1,0,1,0,4,3,80,79,85,76
1404,M,D,0,1,3,0,1,5,2,R,3,1,1,0,1,1,3,5,99,79,83,87
2058,F,D,1,0,10,0,0,2,4,R,4,2,1,1,1,0,4,5,58,85,82,64
978,F,D,0,1,2,1,0,2,5,R,2,3,1,1,0,1,6,5,57,83,92,68
890,F,D,1,0,4,0,4,5,4,U,5,5,1,1,0,0,3,5,78,82,99,89
1732,F,D,0,1,1,0,0,4,5,U,4,4,0,1,1,1,4,5,91,70,89,83
1133,M,H,0,1,6,0,1,2,5,R,1,1,0,0,1,0,4,5,80,79,78,84
1684,F,D,1,1,4,1,1,3,4,U,1,1,1,1,1,0,4,5,89,87,85,87
657,M,D,1,1,18,1,0,3,4,R,2,2,1,0,0,0,4,5,95,96,80,80
1942,M,D,0,0,4,0,0,3,3,U,3,3,0,1,1,0,4,3,92,88,80,87
349,F,D,0,1,2,0,1,2,2,U,5,2,0,0,1,0,3,4,71,70,70,72
768,F,H,1,1,2,0,0,3,5,U,4,2,1,1,1,0,4,4,99,59,89,95
605,F,D,0,0,5,1,1,5,5,U,2,5,0,0,0,1,6,4,92,87,98,96
1156,M,D,1,1,8,1,1,1,5,U,2,3,0,0,1,0,4,5,88,90,82,79
1438,M,H,0,1,2,0,0,2,5,R,4,1,1,0,0,0,4,2,71,79,61,70
290,M,H,1,1,5,0,1,3,4,U,1,3,1,0,4,0,2,5,76,84,81,82
789,M,D,1,1,1,1,1,5,3,U,2,3,1,1,1,1,5,3,78,87,83,81
382,M,D,0,1,7,0,1,4,3,U,1,4,1,0,0,0,3,5,91,91,92,90
289,F,D,0,1,5,1,1,2,4,U,4,3,1,0,4,1,2,5,76,90,83,85
637,F,H,0,1,4,1,1,5,5,U,1,2,0,0,1,0,4,5,56,78,92,89
2041,F,H,1,0,4,1,0,1,3,R,2,1,1,0,2,0,4,3,72,80,78,68
939,M,D,0,1,4,0,1,2,5,U,3,2,1,0,0,0,5,2,56,64,73,73
1002,M,D,0,1,4,0,0,3,3,R,1,2,0,0,0,0,5,5,60,53,73,53
1077,F,D,0,1,2,0,0,4,3,U,3,3,1,1,2,1,3,2,91,90,95,94
184,M,H,0,1,5,1,0,2,4,R,5,2,1,1,1,0,4,4,90,92,86,94
839,F,D,0,1,7,2,1,5,5,U,4,3,1,0,0,2,4,3,79,97,91,93
2049,M,H,1,1,8,0,1,4,3,R,2,1,1,0,1,1,5,5,69,78,73,64
812,M,D,1,1,6,0,4,4,4,U,3,2,1,1,0,1,5,3,78,84,90,91
705,M,D,0,1,3,0,0,4,5,R,3,2,1,0,0,0,3,3,78,67,89,75
586,M,D,0,1,5,1,0,4,2,R,3,5,0,0,0,0,2,4,87,78,98,92
1068,M,H,0,1,3,0,1,4,5,U,4,4,1,0,1,1,4,2,87,83,75,84
818,F,D,1,0,2,0,0,4,3,U,3,4,1,0,1,1,5,3,84,87,96,93
78,M,D,0,1,2,0,1,5,3,R,2,0,1,0,1,1,1,1,66,67,95,76
656,M,H,0,1,1,0,0,4,5,U,3,3,1,0,0,0,5,5,66,44,56,60
1763,M,D,0,0,1,0,1,4,5,U,1,2,1,0,5,1,3,4,62,89,81,73
1158,M,D,0,1,9,0,0,5,5,R,4,4,1,1,1,0,3,5,75,78,70,66
195,F,H,1,1,8,1,0,3,5,R,2,1,1,0,2,1,4,5,85,88,79,97
576,M,H,0,1,2,1,1,5,5,R,2,2,0,0,0,0,6,5,93,60,99,91
1988,M,D,1,1,4,1,1,1,4,R,3,2,1,1,0,1,5,2,52,65,82,77
1134,M,H,1,1,6,0,1,1,5,U,5,1,1,0,1,0,4,5,83,92,69,81
88,F,D,1,0,8,1,1,3,3,R,5,5,0,0,0,1,14,3,86,84,71,80
1651,M,H,0,0,5,0,0,3,4,U,1,0,0,1,1,0,2,4,75,77,74,76
384,F,H,0,1,5,0,0,4,4,U,5,5,1,1,0,0,4,5,83,79,74,77
509,M,D,1,1,8,0,0,3,3,U,3,1,1,0,2,1,4,4,67,75,65,78
1112,M,D,1,1,3,0,0,4,5,R,2,3,1,0,0,0,3,5,44,50,54,46
737,M,D,1,1,2,1,1,5,5,U,3,4,1,1,1,1,3,5,87,90,81,87
1513,F,D,0,1,1,0,1,2,2,U,3,4,0,0,1,0,5,4,79,82,57,70
1603,M,D,1,0,2,1,1,4,2,R,4,4,1,0,0,1,4,1,67,71,75,76
1117,F,D,0,0,2,1,0,5,2,U,2,2,1,1,2,0,3,4,49,55,61,59
1978,F,H,0,0,5,1,1,2,4,R,4,3,1,0,2,1,4,4,73,81,55,71
1516,M,D,0,1,1,0,1,3,3,U,3,2,1,0,1,0,4,4,82,70,75,80
1064,M,D,0,1,2,0,1,1,2,U,3,3,0,0,4,1,4,5,66,77,75,72
0,M,H,0,0,4,0,1,3,5,R,4,5,0,0,0,1,14,4,73,73,67,71
1159,M,H,1,1,7,1,1,4,5,R,4,4,0,0,2,0,4,4,71,79,91,72
11,M,D,1,1,2,0,1,2,2,R,1,1,1,0,1,0,11,3,85,91,71,82
1341,F,H,1,1,3,0,0,5,3,U,5,4,1,0,0,1,5,3,87,90,81,92
1150,M,H,0,1,5,1,1,4,5,R,4,4,0,0,1,0,4,5,84,92,70,80
339,M,D,1,1,8,0,0,2,2,U,4,2,1,0,1,1,4,4,67,75,65,78
961,F,D,1,1,6,0,0,3,4,R,2,4,0,1,0,1,6,3,97,73,60,49
1335,F,D,0,0,3,1,1,5,1,R,5,5,1,1,1,0,6,1,89,92,78,92
1599,M,D,0,0,4,1,0,3,5,R,4,1,0,1,2,1,3,1,54,55,52,57
486,F,H,0,1,3,0,0,3,5,U,3,1,0,0,1,0,6,5,77,77,77,77
701,M,D,1,1,4,1,1,5,5,U,5,4,1,1,0,1,4,5,56,68,70,75
153,M,D,1,1,10,1,1,3,5,R,5,3,1,1,1,1,4,4,90,92,86,91
1540,M,D,0,1,2,0,1,1,4,R,2,2,1,0,0,1,4,4,87,87,82,85
684,M,D,1,1,5,1,1,5,5,U,5,5,1,1,1,1,3,4,61,65,59,62
524,M,D,1,1,2,0,1,4,4,U,3,3,1,0,1,0,5,5,88,86,84,88
645,F,D,0,1,2,1,0,3,3,R,4,4,1,1,0,0,5,5,86,84,83,80
201,M,H,0,0,3,0,1,2,1,U,3,3,1,0,0,1,3,1,78,97,84,85
99,F,D,0,1,6,0,1,1,1,U,2,0,1,0,1,0,9,4,85,92,78,85
1282,F,H,1,1,2,1,0,2,4,R,4,3,1,0,2,1,5,3,87,90,82,96
1033,F,D,0,1,2,0,0,2,3,U,1,1,1,1,3,0,5,4,45,90,88,78
1286,M,D,0,1,2,1,0,4,3,R,4,3,1,0,2,1,5,3,87,90,82,97
797,M,H,0,1,2,0,1,2,3,U,2,2,1,1,1,0,5,4,91,94,88,89
307,M,D,0,1,1,0,0,2,4,U,5,4,1,0,0,0,4,5,60,60,60,60
1257,M,H,1,1,2,0,1,3,5,U,3,3,1,0,1,0,4,5,69,71,83,69
1863,M,H,0,1,6,1,1,4,4,U,5,3,1,0,1,0,4,5,63,79,78,88
859,F,D,0,0,0,0,3,5,4,U,4,2,1,0,0,0,3,3,99,81,98,89
1355,M,D,0,0,4,1,0,2,3,U,2,4,1,0,1,0,4,2,88,91,77,87
597,F,D,0,0,4,0,1,4,4,U,5,2,1,1,1,1,5,4,83,43,96,90
1091,F,D,1,0,2,0,1,5,4,U,4,4,1,1,3,1,4,2,88,78,70,77
848,F,D,1,0,5,1,4,3,5,U,4,4,1,1,0,2,4,4,88,94,100,93
1477,M,H,1,1,2,0,1,2,5,U,5,4,1,1,0,0,3,4,69,87,74,76
1020,F,D,0,1,1,0,0,2,4,U,3,2,1,0,0,1,5,5,60,52,73,77
35,F,D,0,0,4,1,0,4,2,R,1,2,0,1,0,0,11,3,86,90,94,84
55,M,D,0,1,3,1,0,2,4,U,0,3,1,0,1,0,13,3,75,85,74,78
809,F,D,1,1,5,2,1,4,3,U,4,5,1,0,0,0,4,3,75,86,87,88
1842,M,H,0,1,7,0,0,4,3,U,4,5,0,0,1,0,4,5,93,90,65,83
1892,F,D,0,0,5,0,1,5,5,R,5,5,0,0,2,1,5,5,88,91,80,86
913,F,D,0,1,4,0,0,2,5,R,4,1,1,0,0,0,3,4,62,56,83,90
121,F,H,1,1,10,1,1,3,5,R,5,1,1,0,4,1,4,5,60,75,68,96
952,M,D,1,1,2,0,1,3,3,R,5,4,1,1,0,1,6,5,58,71,53,67
1582,F,H,0,0,6,1,0,3,4,U,1,0,1,1,4,0,3,1,89,87,84,88
1510,F,D,1,1,1,0,1,2,2,U,3,2,1,0,4,0,2,5,55,80,88,89
1865,M,H,0,1,3,1,1,2,5,R,3,1,0,0,1,0,4,5,76,80,87,75
441,M,D,0,1,6,0,1,4,5,R,3,5,1,1,0,0,5,5,89,89,90,88
420,F,H,0,0,8,0,1,4,5,R,3,4,1,1,0,1,4,5,84,84,82,85
197,F,H,0,1,6,1,1,3,4,R,4,1,1,0,4,1,3,4,85,88,82,93
1230,F,H,0,1,7,0,1,5,5,U,3,3,0,0,1,0,4,5,80,76,77,79
745,M,D,1,1,3,0,1,3,4,U,4,3,1,1,1,0,3,5,89,92,81,93
867,M,H,1,1,0,1,3,4,3,U,5,2,1,0,0,2,3,4,81,82,93,85
149,F,H,1,1,9,1,1,4,5,R,2,1,1,0,4,1,5,5,90,89,86,99
452,M,D,1,1,8,0,1,4,5,U,5,4,1,1,0,0,3,5,78,81,79,80
494,F,H,0,1,3,0,0,3,4,U,3,3,0,0,1,0,5,4,71,70,71,72
893,F,D,0,1,3,0,4,3,5,U,5,2,1,1,0,0,3,5,81,89,88,89
1001,F,H,1,1,1,0,1,3,3,U,3,5,0,0,0,0,5,5,41,71,49,88
1754,M,D,0,1,4,0,1,5,5,U,2,2,1,0,2,1,4,5,87,100,91,89
1656,F,H,0,1,8,1,1,3,1,R,0,1,1,1,1,1,3,2,66,69,64,68
1199,F,D,0,1,7,0,1,3,5,R,2,4,1,0,1,0,4,5,83,81,56,87
508,F,D,1,1,6,0,0,3,3,U,4,4,1,0,1,1,6,4,95,92,94,76
1233,M,D,1,1,4,1,1,2,3,R,3,1,0,0,1,0,5,4,80,80,75,74
1118,F,D,0,1,3,1,1,5,1,R,4,2,1,1,3,1,4,5,78,89,82,80
1609,M,H,1,1,1,1,1,1,2,U,5,2,1,0,3,0,3,4,84,80,84,85
1908,M,H,0,1,5,0,1,4,4,U,4,4,1,0,3,1,6,3,90,92,77,83
1411,F,H,0,1,3,0,0,5,4,U,2,1,1,0,1,0,4,1,74,74,69,72
96,F,D,1,1,5,0,0,1,3,U,2,4,0,0,1,0,10,3,72,83,72,75
61,F,D,0,1,4,0,1,4,5,R,1,2,0,1,1,1,14,4,91,79,89,86
1065,M,D,1,1,1,1,0,4,5,U,3,2,0,1,3,1,5,5,56,55,45,51
91,M,H,1,0,7,1,0,4,5,R,0,0,1,0,0,1,1,2,97,72,72,80
1363,M,D,0,0,4,1,1,3,4,R,3,3,1,1,1,1,3,4,88,91,78,90
1073,M,D,1,1,2,0,1,5,5,U,4,4,1,1,0,0,4,4,33,40,45,41
1711,F,H,1,1,2,0,1,4,4,U,5,5,1,1,1,1,4,5,68,69,68,68
965,M,D,1,1,3,0,0,2,4,R,4,2,0,0,0,0,6,5,56,73,49,88
288,M,H,1,1,5,0,1,5,4,U,4,5,1,0,4,0,6,5,74,84,83,94
1645,F,D,1,1,5,0,0,5,5,R,1,0,1,0,4,1,3,2,58,56,60,63
1866,F,H,0,1,1,1,1,2,4,R,3,1,0,0,1,0,4,5,75,80,72,75
1852,M,H,0,1,2,1,1,3,5,U,3,2,0,0,1,1,5,5,79,81,75,78
1212,M,H,0,1,4,1,1,2,5,U,2,5,1,0,1,0,4,5,76,80,89,76
1778,M,H,0,1,7,0,0,1,3,R,3,3,1,0,2,0,3,4,78,93,70,80
1015,M,H,1,1,6,1,1,2,4,U,1,3,1,0,0,0,9,5,67,98,60,49
422,M,D,0,1,5,0,1,4,4,U,5,5,1,1,0,0,4,5,94,93,93,92
1189,F,H,0,1,2,1,1,4,4,R,3,3,0,0,1,0,4,4,87,85,67,84
805,M,H,0,1,1,1,1,5,4,R,4,3,1,1,1,1,5,3,89,87,88,85
1163,M,H,1,1,4,0,1,4,5,R,4,4,1,0,1,0,5,5,89,89,85,91
1494,M,D,1,1,3,0,1,3,2,U,4,5,1,0,0,0,10,5,89,65,71,75
131,F,D,1,1,8,1,1,5,4,U,2,1,1,0,2,1,5,4,71,68,66,95
199,F,D,1,1,10,1,0,3,4,R,3,2,1,1,4,0,5,4,80,82,71,99
1781,F,H,1,1,6,0,1,3,4,R,3,2,0,0,1,0,7,4,86,95,70,84
1836,M,H,1,1,5,0,1,3,4,U,3,3,1,0,2,0,6,4,70,76,62,69
1253,M,D,1,1,7,1,1,2,4,R,2,1,0,0,1,0,4,3,63,67,90,75
1444,F,D,0,1,3,0,1,2,3,R,5,1,1,0,3,0,5,2,53,69,61,61
1254,M,H,0,1,4,0,1,3,5,U,5,3,1,0,1,0,6,5,67,62,82,89
2001,F,H,1,0,4,0,1,5,4,R,4,1,1,0,3,1,5,1,51,79,65,62
1351,M,D,0,0,4,1,1,5,3,R,5,4,1,0,1,1,5,3,88,91,80,92
100,M,D,1,1,7,1,0,3,5,R,3,1,1,0,0,1,4,2,60,65,73,92
721,M,D,0,1,1,0,1,5,5,U,4,4,1,1,1,0,3,4,81,77,79,80
1457,M,D,0,1,12,0,1,3,5,R,4,3,1,1,4,0,4,4,79,60,74,71
256,F,D,0,0,7,0,1,3,5,R,4,3,0,1,2,1,3,2,94,98,56,71
1344,M,D,0,0,5,1,1,5,4,R,5,5,1,1,0,0,5,4,89,92,81,86
1534,M,D,0,1,2,0,1,3,3,U,3,1,1,0,1,0,3,3,88,82,88,88
82,F,D,1,1,8,0,0,5,2,R,2,5,0,1,0,0,8,5,74,78,72,74
1012,M,D,0,1,2,1,1,3,4,R,5,1,1,0,0,1,4,2,71,73,71,73
1429,M,H,1,1,4,1,1,4,3,R,2,1,1,0,4,1,4,4,54,54,73,60
659,F,H,1,1,3,0,1,4,5,U,5,5,1,0,0,0,4,5,75,80,85,85
1034,F,H,1,1,3,0,1,3,5,U,4,2,1,1,2,0,4,3,89,59,58,72
1642,F,D,0,1,2,0,0,1,4,R,1,0,1,0,1,0,5,1,83,79,83,85
1840,M,H,1,1,5,0,1,3,4,R,3,3,0,0,1,1,4,5,61,80,64,68
1334,M,H,1,1,4,0,1,4,2,U,4,4,1,0,0,1,4,2,87,90,83,97
1237,F,D,0,1,3,1,1,3,5,U,1,4,0,1,1,0,2,1,79,76,86,83
1845,M,H,0,1,0,0,1,3,4,U,4,4,1,0,1,0,3,3,94,90,78,87
1965,M,H,1,1,7,1,1,3,4,R,2,2,1,0,1,1,5,1,71,63,84,61
614,M,D,0,1,8,0,1,5,2,R,2,1,1,0,0,1,5,4,65,89,96,86
73,F,D,1,1,9,1,0,4,3,U,3,0,1,0,1,1,1,2,89,85,94,89
224,F,D,0,1,2,0,1,3,3,U,3,4,1,1,2,0,8,3,60,69,52,75
1029,M,H,1,1,5,0,1,5,5,U,4,2,1,1,0,0,5,5,62,71,51,69
1019,M,H,0,1,3,0,1,2,5,R,3,3,0,0,0,1,6,4,92,87,49,60
2008,M,H,1,1,4,1,0,4,5,R,5,2,1,0,4,1,3,4,51,63,79,72
987,F,H,0,1,2,1,1,2,4,R,5,2,1,0,0,1,5,5,54,89,88,80
1568,M,D,1,0,8,0,0,2,4,U,5,5,0,0,2,1,4,5,74,69,69,72
440,F,D,1,1,3,0,1,3,5,U,5,4,1,0,0,0,4,5,91,92,94,90
1998,F,D,1,1,6,1,0,5,5,R,3,1,1,1,3,0,5,1,60,84,72,68
1071,F,H,1,1,2,0,1,5,3,R,2,2,1,0,2,0,6,3,89,93,97,97
1491,M,H,1,1,2,0,1,4,3,U,4,5,1,1,2,0,3,5,88,89,62,80
1671,F,D,1,1,5,0,0,3,5,U,3,3,1,0,1,0,5,5,84,82,85,83
1926,F,D,0,0,4,0,0,4,3,U,4,3,1,0,1,0,4,2,92,92,81,87
1931,M,D,1,0,6,1,1,3,3,R,3,3,1,0,2,1,5,5,88,87,78,83
2005,F,D,0,1,9,1,1,5,5,R,1,2,1,1,1,1,4,2,58,84,89,82
250,M,D,1,1,2,0,0,4,5,R,1,3,0,0,3,1,3,4,74,84,74,85
1452,F,D,0,1,8,0,1,2,5,U,5,3,1,1,4,0,4,1,70,61,54,62
1231,M,H,1,1,2,0,1,4,5,U,4,3,1,0,1,0,4,5,88,83,70,73
169,F,H,1,1,8,1,0,5,4,R,5,1,1,0,4,1,5,5,82,88,82,99
1090,F,D,1,1,2,0,0,5,5,R,4,2,1,1,1,0,3,4,84,83,90,83
1894,F,D,0,1,4,0,0,2,2,U,2,2,1,1,1,0,4,2,87,92,79,85
1270,F,D,0,1,6,1,1,4,4,U,5,5,1,1,1,0,4,4,76,78,72,75
411,M,D,0,1,7,0,1,3,4,U,5,4,1,1,0,0,4,5,97,95,95,96
173,M,D,1,1,9,1,1,4,4,R,3,3,1,1,3,1,4,4,90,92,86,91
887,F,D,0,0,6,1,3,3,4,U,3,2,1,1,0,2,4,5,75,81,100,87
1779,M,H,1,1,2,0,1,3,4,R,3,3,0,0,3,0,6,4,95,94,78,89
1677,F,D,1,1,4,1,0,3,4,U,2,2,1,0,1,0,4,5,95,86,85,88
1985,F,H,0,0,4,0,1,4,4,U,5,1,1,0,0,1,4,5,72,56,68,77
123,F,D,1,1,5,1,0,5,3,U,4,2,1,1,0,0,5,4,65,79,64,95
204,F,D,1,0,2,0,1,2,2,U,3,3,1,0,0,1,3,1,89,85,84,84
674,M,D,0,1,4,1,0,5,5,U,5,5,1,1,0,0,3,3,76,72,77,78
1834,M,H,1,1,4,0,0,2,3,U,1,2,0,0,1,1,6,3,92,82,66,80
1613,M,D,1,1,8,0,0,4,5,R,2,5,0,1,0,0,5,5,54,50,51,55
331,F,H,1,1,4,1,1,2,4,R,2,2,0,0,0,0,4,4,72,71,69,76
753,F,D,0,1,2,1,1,1,5,U,2,2,1,0,2,1,3,4,50,74,64,90
1246,M,H,0,1,4,1,0,1,5,R,1,1,0,0,1,0,5,5,80,77,75,87
1149,M,D,1,1,6,0,1,3,5,U,5,3,1,1,1,0,4,5,86,88,83,70
777,F,H,1,1,2,1,0,4,4,R,2,2,1,1,1,1,3,4,59,34,98,64
567,F,D,0,0,3,1,1,4,5,R,4,4,0,0,2,1,4,4,86,56,58,91
868,F,D,1,1,1,0,4,4,4,U,5,2,1,1,0,2,4,5,82,91,94,92
728,M,D,0,1,1,0,1,2,5,U,4,3,1,1,1,0,3,3,85,80,75,82
1960,M,D,1,0,6,0,1,5,3,U,4,3,1,0,1,1,5,4,73,58,80,75
710,F,D,0,1,2,0,0,4,3,U,1,1,0,1,1,0,5,5,77,79,82,83
931,F,H,0,1,2,1,1,3,4,U,3,1,0,0,0,1,2,4,65,52,95,54
1428,M,H,1,1,14,1,1,2,4,U,3,2,1,1,2,1,4,1,88,68,75,77
856,M,D,1,0,1,1,1,3,5,U,3,2,1,0,0,1,4,5,96,97,95,94
160,F,H,1,1,5,1,1,5,4,R,3,1,1,0,4,0,5,5,89,92,86,92
1083,M,D,1,0,1,0,0,3,5,R,4,2,1,0,4,1,4,5,73,79,76,75
1446,M,D,1,0,6,1,0,2,4,R,1,0,0,0,1,1,4,1,49,35,50,45
176,M,H,1,1,4,1,1,3,5,R,4,1,1,0,4,1,3,5,78,80,82,99
934,M,H,1,1,5,0,0,3,3,U,2,2,1,0,0,1,5,5,95,50,59,64
336,F,D,1,1,2,1,1,4,4,R,5,4,1,1,3,0,6,5,72,76,71,72
148,M,H,1,1,8,1,1,5,4,R,3,1,1,0,3,1,3,4,78,85,79,96
1640,M,D,0,0,3,0,1,5,5,U,1,2,0,0,4,1,4,3,62,67,65,70
1570,M,H,1,0,8,1,1,1,2,R,1,4,1,0,4,0,2,2,73,74,77,79
778,F,H,0,1,4,0,0,5,3,R,3,1,1,1,2,0,3,4,89,88,96,65
534,M,D,0,1,5,0,0,3,3,U,4,3,1,0,1,0,4,3,86,89,89,85
1670,F,H,0,1,4,0,1,4,3,U,5,5,1,0,1,0,4,5,82,76,83,80
85,F,H,0,0,3,0,1,1,4,R,1,1,1,0,0,1,9,5,94,78,83,85
2016,M,D,1,0,5,1,1,3,3,R,3,3,1,0,0,1,3,3,69,84,87,64
266,F,D,0,1,6,0,0,1,5,U,5,4,0,1,0,0,2,1,54,94,70,96
398,M,H,0,1,3,1,1,2,5,U,2,4,1,1,0,0,3,5,88,88,84,87
1546,F,D,0,1,2,0,1,4,5,U,4,3,0,0,2,0,3,4,90,72,82,88
849,M,H,1,1,7,2,3,5,5,U,4,4,1,1,0,1,5,5,89,85,88,87
158,F,H,0,1,9,1,0,2,4,R,5,2,1,1,2,1,3,5,80,80,71,96
790,M,D,1,1,3,1,0,2,5,U,2,3,1,1,1,1,5,5,87,83,75,84
1169,M,D,0,1,5,0,1,3,4,U,4,4,1,1,1,0,4,5,75,78,74,82
779,M,D,1,1,4,0,0,5,5,U,3,1,1,1,1,0,6,4,97,76,56,95
485,F,D,0,1,4,0,0,3,5,U,1,1,1,0,1,0,4,3,68,66,70,68
1416,F,D,1,0,8,1,0,1,4,R,5,1,1,0,1,1,5,1,34,39,40,38
1430,F,D,1,1,4,1,1,3,4,U,2,1,1,0,4,0,5,5,93,83,99,92
707,M,D,1,1,5,1,1,4,4,U,5,5,1,1,0,0,5,4,60,80,76,79
242,M,D,1,1,1,1,0,3,5,U,1,1,1,0,4,1,3,4,44,94,84,80
1354,M,D,0,0,5,1,1,5,4,R,5,4,1,1,0,0,4,4,85,88,82,86
2033,M,D,1,1,9,0,0,4,3,R,1,3,1,1,0,1,5,1,56,84,89,66
1771,M,H,0,1,0,0,0,3,3,U,5,4,0,0,4,0,5,3,98,88,98,95
7,M,H,0,1,3,0,1,2,2,R,3,0,0,0,0,1,10,3,88,84,93,88
547,F,D,0,1,3,1,1,5,2,U,3,5,0,0,0,1,5,5,56,45,87,97
406,F,D,0,1,6,0,1,4,5,U,4,4,1,1,0,1,3,5,79,77,79,76
2025,F,D,0,1,8,1,1,3,4,R,3,1,1,0,2,1,3,1,66,72,84,75
794,F,D,0,1,2,0,0,3,5,U,4,4,1,1,2,0,4,4,76,80,83,80
379,F,D,0,1,7,0,1,4,5,U,5,5,1,0,0,0,5,5,82,82,81,80
660,F,D,1,1,6,0,1,5,1,U,5,2,0,0,0,1,5,5,90,95,80,90
187,F,H,1,1,5,1,0,5,3,R,5,1,1,0,3,1,4,3,79,82,79,93
328,M,D,0,1,0,0,1,4,4,U,5,5,1,1,0,0,4,5,80,80,80,76
1815,M,H,0,1,4,0,0,3,4,R,3,3,1,0,1,0,4,5,92,96,73,87
706,F,D,0,1,3,0,1,4,4,R,4,2,1,0,0,0,5,4,77,66,69,75
391,M,H,0,1,8,0,1,4,3,U,3,4,0,1,0,0,3,5,85,83,81,82
1026,M,H,0,1,3,0,0,2,5,U,5,3,1,0,0,1,5,5,69,88,71,96
907,M,D,1,1,3,1,2,4,5,U,5,2,1,0,0,2,3,3,95,87,93,91
1729,M,H,0,1,2,0,0,2,1,U,2,3,1,0,1,1,3,4,54,70,98,74
713,F,D,1,0,2,0,0,3,5,U,3,3,1,1,1,0,4,4,67,75,65,78
730,M,D,0,1,1,0,0,3,5,U,4,4,1,1,1,0,4,5,74,77,74,76
944,F,H,1,1,2,0,1,2,4,R,3,2,1,1,0,0,6,4,54,84,69,80
770,F,D,0,1,1,1,1,3,5,U,1,1,1,1,5,1,4,5,78,81,65,98
2028,F,H,0,0,10,1,1,5,3,R,5,2,1,0,4,1,4,1,66,83,55,62
144,M,H,0,1,9,1,1,5,4,R,5,3,1,1,3,1,3,5,90,95,79,94
1138,F,H,0,1,2,1,1,3,4,U,3,3,1,0,1,0,4,4,79,80,76,89
1520,F,D,0,1,1,0,1,1,3,U,3,1,0,0,0,0,5,4,77,67,76,72
1196,M,D,0,1,4,1,1,4,5,U,4,5,0,0,1,0,4,5,88,87,86,72
120,F,H,0,1,7,0,0,2,3,R,3,1,1,0,1,0,5,3,70,76,68,93
1125,M,D,0,1,4,1,1,3,4,R,2,2,1,1,1,1,3,4,64,67,78,70
1218,M,H,1,1,8,1,1,3,5,R,1,1,0,0,1,0,4,5,73,75,76,95
165,F,D,1,1,8,1,1,3,5,R,4,1,1,0,4,0,4,5,92,89,89,97
521,F,D,0,0,2,0,1,3,5,U,1,3,1,1,1,0,4,5,84,78,75,82
5,M,H,1,0,9,1,0,2,3,U,2,1,1,0,1,0,14,4,90,75,76,80
2034,F,D,0,0,4,0,0,2,5,R,5,2,1,0,1,0,3,2,69,55,77,82
1576,M,D,1,0,4,1,0,3,1,U,3,5,1,0,4,1,2,3,75,72,68,74
1325,F,H,1,1,3,0,0,4,2,U,3,3,1,1,1,1,4,2,88,91,79,98
1949,M,D,0,0,4,0,0,3,3,U,3,3,1,1,1,0,4,3,92,88,80,87
109,M,H,0,1,9,1,0,4,5,U,2,1,1,0,1,0,5,1,83,77,69,94
891,F,H,0,1,5,1,3,3,5,U,4,4,1,0,0,1,5,3,79,86,100,92
383,M,D,1,1,4,0,1,4,5,U,5,3,1,1,0,0,4,5,73,71,72,73
216,M,D,1,0,5,0,1,2,2,U,3,5,1,0,2,1,2,3,50,79,60,90
180,F,H,0,1,10,1,0,3,5,R,4,1,1,0,4,1,4,5,79,82,75,92
1377,M,H,0,1,2,0,1,3,4,R,3,2,1,1,3,0,5,1,57,52,72,60
648,M,D,1,1,8,0,1,5,5,R,3,1,0,0,0,0,4,5,98,99,84,95
606,M,H,1,1,5,1,1,5,4,U,3,4,1,0,0,0,5,5,54,76,98,65
1177,M,H,0,1,6,0,1,3,4,U,4,4,1,0,1,0,4,5,78,76,75,79
147,F,H,0,1,4,1,0,3,3,R,1,1,1,1,2,0,4,3,68,71,75,93
72,M,H,0,0,8,0,1,5,4,U,0,3,0,0,0,0,7,1,73,90,69,77
505,F,D,1,1,4,1,1,5,5,U,3,3,1,1,1,1,10,5,85,80,75,82
1191,M,H,1,1,6,1,1,3,4,U,3,1,0,0,1,0,6,5,71,85,89,91
1397,F,H,0,1,1,0,0,1,3,U,4,2,1,1,3,0,4,3,89,90,69,83
639,F,D,1,1,4,0,1,4,4,U,4,4,1,1,0,0,4,4,85,92,87,95
1522,F,D,0,1,1,0,1,1,4,U,3,5,1,0,4,0,3,4,87,73,65,72
589,F,H,1,0,3,1,1,4,2,R,1,4,0,0,0,1,4,5,95,87,88,90
1508,M,D,1,1,3,0,1,3,2,U,3,3,1,1,2,0,5,4,96,86,54,75
733,F,H,0,1,3,1,1,3,5,R,2,4,1,1,1,1,4,4,57,63,68,65
21,F,H,1,1,6,1,1,4,4,R,4,0,1,0,1,0,13,4,80,88,69,79
2017,M,H,0,0,5,1,1,1,5,R,1,1,1,1,4,1,3,3,79,59,61,82
2019,F,H,0,0,8,0,0,1,3,R,3,2,1,0,2,0,5,3,73,60,89,69
876,M,D,1,1,6,1,0,4,5,U,4,3,1,0,0,0,3,3,90,100,89,92
1587,F,D,0,1,4,0,1,4,5,R,5,0,0,1,3,0,4,4,57,60,61,61
1392,M,D,1,1,2,0,1,4,5,R,1,0,0,0,4,1,5,2,51,43,49,48
896,F,H,1,1,5,0,0,5,5,U,3,2,1,1,0,0,5,4,84,98,91,95
1164,M,H,1,1,6,0,1,4,5,U,4,2,0,0,1,0,4,5,72,76,76,77
1358,F,H,1,1,3,0,0,4,2,U,3,3,1,1,1,1,4,2,88,91,79,91
918,M,D,1,1,6,1,1,3,5,U,2,5,1,1,0,1,4,4,55,54,88,64
759,F,D,1,1,2,0,0,4,4,U,2,2,1,1,2,0,2,4,51,68,81,61
832,M,D,0,1,3,0,1,4,3,U,3,3,1,1,0,0,3,3,98,95,97,93
977,M,H,1,1,1,0,0,3,5,R,5,4,1,0,0,1,4,5,91,75,84,81
1789,F,H,0,1,3,0,1,5,4,U,5,5,1,0,1,0,5,5,98,96,83,92
564,M,D,0,0,4,0,0,5,4,U,5,2,0,0,3,0,4,2,55,67,55,92
1927,F,D,1,1,6,1,1,2,2,R,2,2,0,1,2,1,5,5,91,89,77,82
137,F,H,1,1,7,1,1,3,5,R,5,3,1,1,3,0,3,5,82,91,79,93
1719,M,H,0,1,4,1,1,2,3,R,3,1,1,0,1,0,5,3,87,93,94,91
814,M,H,1,0,7,0,0,4,4,U,4,4,1,0,0,2,4,5,80,82,92,90
1716,M,D,0,1,2,0,1,3,5,U,3,3,1,1,1,0,4,5,85,85,85,85
1113,F,D,1,1,2,1,0,4,5,U,3,2,1,0,0,0,5,4,55,60,70,59
481,F,D,0,0,2,0,0,4,3,U,1,1,1,0,1,0,4,4,95,94,96,97
228,F,D,0,0,5,0,1,3,5,R,2,4,1,1,1,0,9,3,88,55,71,74
207,M,H,0,1,6,0,1,5,2,U,3,3,1,0,0,1,4,3,75,84,87,73
308,F,D,0,1,2,0,0,4,5,U,5,5,1,0,0,0,4,4,75,76,74,77
1530,M,D,0,1,2,0,1,2,3,U,3,2,1,0,0,0,3,4,70,86,77,86
1694,F,D,0,1,2,0,0,4,3,U,4,4,1,1,1,0,4,5,93,87,85,86
1223,M,D,1,1,7,0,1,3,5,U,4,3,1,1,1,0,4,5,60,70,78,91
1521,M,D,0,1,1,0,1,2,4,U,3,4,0,0,0,0,4,3,79,82,63,86
555,F,H,1,1,1,1,1,1,3,R,2,5,1,1,0,1,5,5,58,36,78,91
751,M,D,0,1,2,0,1,5,5,U,4,4,1,1,1,0,4,4,88,76,91,90
172,F,H,0,1,10,1,0,2,4,R,2,1,1,0,2,0,3,4,79,77,79,98
983,F,H,0,1,2,0,1,3,4,R,2,2,0,1,0,1,4,5,49,47,49,88
1454,F,H,0,1,2,0,1,4,5,R,4,2,1,1,0,0,5,5,77,90,66,78
1299,F,H,1,1,3,1,1,3,4,U,3,3,1,0,2,1,3,3,90,93,79,95
699,F,D,0,1,7,0,1,3,4,R,3,3,1,0,0,1,4,4,98,65,96,93
1523,M,D,0,1,1,0,1,1,4,U,3,2,0,0,0,0,4,4,84,71,83,75
1360,F,H,1,1,2,1,0,3,3,R,4,3,1,0,1,1,3,3,86,89,77,97
585,F,H,1,0,6,1,0,5,3,U,1,4,0,0,0,1,4,5,93,74,78,98
444,M,D,1,1,6,0,1,4,5,U,5,4,1,1,0,0,3,5,95,93,91,92
347,F,D,0,1,1,0,1,2,4,U,4,2,0,0,0,0,4,4,67,63,62,63
980,F,D,1,1,2,1,1,4,4,U,5,2,1,1,0,0,3,3,80,55,73,73
811,M,H,0,1,4,0,2,5,3,U,4,2,1,0,1,0,3,4,77,97,89,93
1339,M,D,0,0,4,1,0,2,3,R,2,4,1,0,1,0,4,2,88,91,77,86
1395,F,H,1,0,2,1,1,4,4,U,1,0,0,0,4,0,3,2,38,30,54,41
1871,F,D,1,0,6,1,1,5,5,U,5,5,0,1,3,0,3,5,90,94,82,87
1984,M,H,0,0,7,0,0,4,5,R,2,2,1,0,1,0,4,3,72,74,64,77
214,F,D,0,1,5,0,1,5,2,U,3,5,1,0,2,1,3,3,86,75,92,78
1847,M,H,0,1,0,0,0,3,1,U,3,3,1,0,3,0,4,3,70,80,80,77
750,M,D,1,1,1,0,0,4,5,U,4,4,1,1,2,0,1,5,86,75,92,78
9,M,H,1,0,3,0,0,1,1,U,2,5,1,1,1,0,11,2,87,84,75,82
1448,M,H,0,1,10,1,0,4,5,R,4,2,1,1,1,1,4,2,92,74,99,88
591,F,H,1,0,5,1,1,5,2,U,1,5,0,0,0,1,3,5,92,88,89,96
162,F,H,1,1,8,1,0,5,3,R,2,1,1,0,3,0,3,4,85,82,79,98
937,M,D,0,1,5,0,1,5,4,U,2,1,1,0,0,0,5,4,49,50,92,64
1631,M,H,1,1,1,0,0,2,1,R,0,5,1,0,1,0,2,3,58,61,57,63
335,F,D,1,1,4,1,1,5,5,U,4,4,1,1,0,1,10,5,85,80,75,82
1170,F,H,0,0,4,0,1,4,3,U,5,5,1,0,1,0,4,3,72,77,88,83
66,M,H,0,1,3,0,1,2,3,R,3,4,1,1,1,1,7,1,85,88,75,82
1104,M,D,0,0,1,0,1,2,5,R,3,1,1,1,4,1,4,5,79,80,86,82
1731,F,D,0,1,1,0,0,4,5,U,4,4,0,1,1,1,4,5,99,77,81,85
579,F,H,0,1,1,1,1,3,2,R,2,5,1,1,0,1,4,4,87,98,65,96
1087,F,D,0,1,2,1,1,5,1,R,4,3,1,1,3,1,3,4,67,76,81,75
274,F,D,0,0,1,0,0,5,4,R,5,4,1,0,0,0,4,3,86,75,92,81
516,F,D,0,1,1,0,0,4,4,U,4,4,1,0,1,0,4,4,63,55,54,70
1557,M,D,0,1,2,0,1,4,2,U,3,2,1,0,0,0,3,5,73,74,88,89
523,F,D,0,1,3,0,1,3,4,U,3,1,1,0,2,0,5,4,73,74,80,71
917,M,D,0,1,4,0,0,3,5,R,5,2,1,1,0,0,5,4,49,91,64,90
1879,M,D,1,1,6,1,1,3,3,R,3,3,1,1,2,1,4,4,89,92,79,85
1465,M,D,1,1,13,0,0,1,5,U,5,1,1,0,3,0,3,2,85,69,75,76
245,F,H,1,1,4,1,0,4,5,U,1,1,1,0,3,1,3,4,85,92,87,73
1839,M,H,1,1,5,0,0,3,3,R,1,1,0,0,1,1,6,4,90,85,66,80
167,F,H,0,1,9,1,1,4,5,R,3,2,1,1,2,0,4,5,90,92,89,93
233,M,H,0,1,7,0,1,2,5,R,2,2,1,0,1,0,4,5,85,85,81,85
1414,M,D,1,1,1,1,0,5,5,U,3,1,1,0,3,0,3,2,75,89,82,82
1838,M,H,1,1,6,0,1,3,4,R,3,3,0,0,2,1,4,4,80,91,64,78
471,F,D,0,1,2,0,1,4,4,U,3,3,1,0,2,0,4,4,80,73,78,83
1241,F,D,0,1,1,1,1,4,4,U,5,4,1,0,1,0,4,5,93,91,96,80
1227,F,H,1,1,6,1,1,3,5,U,3,1,1,0,1,0,4,5,84,84,76,83
268,F,H,0,1,6,0,0,5,5,U,5,4,1,1,4,0,5,2,88,81,84,82
1504,F,D,1,1,1,0,1,2,3,U,3,2,1,0,1,0,3,4,92,80,58,89
345,M,D,0,1,2,0,1,4,5,U,1,2,1,1,0,0,5,5,79,78,77,75
923,F,D,0,1,3,1,1,4,5,U,5,1,1,1,0,1,2,5,90,98,71,86
1115,F,D,1,1,2,1,1,3,4,R,1,1,1,0,0,1,4,4,65,60,72,61
823,F,D,1,1,2,1,4,5,4,U,4,4,1,0,0,1,3,4,89,94,88,92
1166,M,D,1,1,2,1,1,3,4,U,4,3,0,0,1,0,4,5,70,69,89,84
922,F,D,1,1,2,0,1,4,5,U,2,5,1,0,0,0,5,5,68,56,84,54
1916,M,H,0,1,5,0,1,3,3,U,3,3,0,1,3,1,6,4,91,87,76,80
1328,M,D,0,0,4,1,0,2,4,U,2,2,1,0,0,1,6,1,87,90,79,89
1969,F,H,0,0,8,1,1,5,3,R,1,3,0,0,2,0,5,5,51,74,55,70
1598,F,D,0,1,1,0,0,5,5,U,4,5,1,1,3,0,5,4,61,63,62,63
1545,F,D,1,1,2,0,1,2,5,R,4,4,1,0,0,0,4,4,89,84,78,89
1310,M,D,0,0,4,1,1,3,4,R,3,3,1,1,1,1,3,4,88,91,78,85
1324,M,D,0,0,4,1,1,4,4,U,4,4,1,0,1,1,4,4,86,89,80,93
1872,M,H,0,1,7,0,1,4,3,R,3,4,0,0,2,1,4,4,91,88,77,83
858,F,D,1,0,7,1,1,3,4,U,4,3,1,0,0,0,4,3,98,100,97,95
1495,M,H,0,1,3,0,1,4,1,U,4,5,1,0,1,0,6,5,90,87,60,84
1198,M,D,0,1,5,1,0,3,4,U,3,4,1,0,1,0,4,5,91,97,49,88
1295,F,H,1,1,4,0,1,4,2,U,4,4,1,0,0,1,4,2,87,90,83,98
1518,F,D,0,1,1,0,1,4,3,U,3,4,0,0,0,0,3,3,86,90,82,70
1882,M,H,0,1,4,0,0,2,3,R,2,2,1,0,1,0,4,2,87,91,82,86
559,F,D,1,1,1,1,1,5,1,U,2,5,1,0,1,1,6,5,56,94,99,99
873,M,D,0,1,4,1,1,4,4,U,4,3,1,1,0,0,5,4,87,86,99,95
50,M,D,1,0,7,1,1,4,1,R,5,1,0,1,1,0,11,5,71,78,76,75
333,M,D,0,1,2,0,0,4,4,U,2,3,1,0,0,0,4,5,82,80,80,80
691,M,H,1,1,5,1,1,4,4,U,5,4,1,0,0,0,6,4,88,89,92,91
439,M,D,0,1,3,0,1,4,4,U,5,2,1,1,0,0,3,5,82,81,76,79
599,F,D,1,0,3,0,1,5,3,U,3,4,1,1,2,0,5,4,85,76,98,93
97,M,D,0,0,7,1,1,4,3,R,4,2,1,1,1,1,2,4,90,82,72,81
1922,M,D,0,1,4,0,0,3,3,U,3,3,1,0,1,0,4,3,91,89,80,87
1261,F,H,0,1,4,1,1,4,5,U,4,3,0,0,1,0,4,5,86,80,76,77
636,M,D,0,1,5,0,1,5,2,U,1,2,0,0,1,0,4,4,81,60,91,87
1311,F,H,1,1,2,1,1,5,5,U,5,5,1,0,0,1,4,5,87,90,76,87
851,F,H,1,1,3,1,1,4,4,U,5,5,1,0,0,0,5,3,91,92,90,89
1945,F,D,0,0,4,0,0,4,3,U,4,3,1,1,1,0,4,2,90,91,80,85
1042,F,D,1,1,3,1,1,5,4,R,2,1,1,0,2,1,4,5,77,66,69,75
984,M,D,1,1,1,1,0,5,5,U,5,4,1,0,0,0,5,4,53,68,73,53
1904,M,H,0,1,5,0,1,3,3,U,3,3,0,0,3,1,6,4,88,92,76,80
786,F,H,1,1,4,0,0,2,3,U,2,2,1,1,1,0,4,5,73,71,72,73
247,F,D,0,1,5,1,0,4,5,R,1,3,1,0,3,1,3,4,96,93,78,87
1507,M,D,1,1,1,0,1,3,2,U,3,2,1,0,2,0,6,4,92,87,67,70
423,F,D,1,1,6,0,1,3,5,U,5,4,1,1,0,0,4,5,87,87,84,86
1730,F,D,1,1,1,0,1,3,5,U,4,4,1,1,3,1,3,4,62,79,80,73
1630,F,H,0,0,8,1,0,1,2,U,3,1,1,1,1,0,6,4,81,77,79,83
315,F,D,0,1,4,0,0,2,5,U,2,0,1,0,0,0,4,2,68,66,70,68
16,F,H,0,1,3,1,0,3,5,R,3,4,1,1,1,1,7,3,74,74,85,77
56,M,D,0,0,3,0,1,5,1,U,1,2,1,1,0,0,10,2,71,75,95,80
1725,M,D,0,1,3,1,0,3,3,U,1,1,1,1,2,0,4,5,84,85,81,83
1799,M,H,0,1,0,0,1,5,4,U,5,4,0,0,1,0,5,5,86,96,71,84
376,M,D,1,1,3,0,1,3,5,U,2,4,1,1,0,1,3,5,59,75,67,70
230,M,D,1,0,5,1,1,5,5,R,2,4,1,1,1,0,7,5,85,77,82,84
1419,F,D,1,1,10,0,1,1,3,R,3,2,1,1,1,0,5,5,95,80,97,91
1171,M,D,0,1,4,1,0,3,4,U,2,2,1,0,1,0,5,5,75,75,87,79
1528,F,D,0,1,2,0,1,1,4,U,3,4,1,0,0,0,5,4,88,73,56,72
628,M,D,0,1,3,0,0,3,3,U,5,5,0,0,1,0,5,4,83,76,96,87
1989,F,D,0,1,7,1,0,1,4,R,1,2,1,0,1,0,5,2,79,66,61,66
1,F,D,0,1,1,1,0,4,2,U,5,0,1,0,0,0,1,2,96,87,80,87
619,F,D,0,1,4,0,0,4,5,U,4,5,0,0,0,0,4,5,88,66,94,86
1505,F,D,1,1,2,0,1,3,4,U,3,2,1,0,0,0,2,5,71,87,71,83
1109,M,D,0,1,1,0,1,3,3,R,2,1,0,1,4,1,4,4,74,84,80,82
1314,M,D,0,0,4,1,1,5,3,R,5,4,1,0,1,1,5,3,88,91,80,87
617,F,D,1,0,2,1,0,5,2,U,2,5,0,0,0,0,4,5,67,88,96,87
1333,M,D,0,0,4,1,1,5,3,R,5,4,1,0,1,1,5,3,88,91,80,91
969,F,D,0,1,1,0,1,4,5,U,3,4,0,0,0,0,5,5,54,62,88,80
1053,M,D,1,1,2,0,1,3,5,U,4,2,1,1,0,1,5,4,87,88,92,89
541,F,H,0,1,1,0,1,2,5,R,3,2,1,0,0,0,2,5,65,67,95,91
652,F,H,1,1,5,0,0,4,4,U,4,3,1,0,0,0,6,5,92,81,80,79
1476,M,H,1,1,2,0,1,4,5,U,4,4,1,1,4,0,2,5,75,93,71,75
1971,F,H,1,0,7,0,1,1,5,U,2,2,0,0,2,1,5,5,58,65,68,77
1262,M,D,1,1,2,0,1,3,5,U,5,5,1,1,1,0,3,5,83,87,70,75
244,M,H,1,1,3,1,0,4,5,U,1,1,1,0,4,1,3,4,84,94,84,76
1473,F,D,0,1,2,0,1,2,4,U,4,5,1,0,0,0,5,3,78,80,67,82
700,F,D,1,1,2,1,0,4,4,R,4,4,1,0,0,0,4,5,76,78,88,85
1976,F,D,0,1,8,0,1,2,5,R,4,2,1,0,0,1,3,5,68,79,82,84
910,M,H,0,1,5,0,1,3,5,R,3,2,1,0,0,1,5,5,81,71,71,73
669,F,D,0,0,2,1,0,2,4,R,3,1,1,0,0,0,4,4,62,55,60,65
2047,M,H,0,1,5,0,1,2,4,R,5,2,1,0,3,1,5,2,63,61,61,73
1792,F,H,0,1,3,0,1,4,4,U,4,4,1,0,1,0,6,5,96,90,83,90
1228,M,D,1,1,4,1,1,4,5,U,4,3,1,0,1,1,4,5,90,65,83,77
1263,M,H,1,1,3,1,1,1,5,R,2,2,0,0,1,0,4,5,77,86,80,86
142,F,D,0,1,8,1,0,5,4,R,5,1,1,0,1,1,4,5,89,90,89,98
850,F,D,1,0,1,2,2,5,4,U,2,3,1,0,0,0,3,3,90,91,89,88
1258,M,H,1,1,2,1,1,3,2,R,5,3,0,0,1,0,3,5,73,76,88,80
546,M,H,1,1,2,0,0,3,3,R,2,5,0,0,0,1,5,4,89,65,88,96
39,M,H,1,1,7,0,1,1,3,R,3,1,0,1,0,1,7,5,68,69,92,76
1450,F,D,1,1,11,1,1,1,3,R,5,2,1,1,2,0,3,1,65,73,49,62
1399,M,D,0,1,3,0,0,1,4,R,1,0,0,0,3,0,4,5,72,80,72,75
1151,M,H,1,1,4,1,1,1,5,R,1,1,0,0,1,0,6,5,81,86,49,73
1058,M,D,1,1,1,0,0,4,1,U,4,2,1,0,3,1,4,2,69,78,84,80
854,M,D,1,0,0,2,0,3,3,U,3,4,1,1,0,2,3,4,94,86,93,89
487,M,D,0,1,1,1,1,4,4,U,4,4,0,0,1,0,4,3,80,82,81,82
1720,F,D,0,1,2,1,0,3,4,U,4,4,1,1,1,0,6,4,84,83,84,83
1374,M,D,0,1,8,0,0,5,3,R,3,1,1,0,0,1,3,5,49,32,68,50
252,M,H,1,0,3,0,0,2,5,R,1,3,0,0,3,1,3,4,62,75,64,70
1591,F,D,1,0,5,1,0,4,3,U,1,5,0,1,4,0,5,1,52,52,53,55
816,M,D,0,1,3,2,4,5,4,U,2,3,1,0,3,1,4,5,82,92,94,89
1611,F,D,1,1,7,0,0,3,4,R,0,0,0,0,1,1,3,4,70,66,68,72
1860,M,H,0,1,6,0,1,2,9,R,1,1,0,0,1,0,4,5,80,79,78,84
1370,M,D,0,1,4,1,1,2,5,R,5,2,1,1,4,0,4,4,71,87,66,75
1923,F,D,1,0,6,1,1,4,4,R,4,4,0,1,2,1,5,4,88,92,76,81
827,F,H,0,1,6,1,2,4,4,U,4,3,1,1,0,1,3,4,93,99,92,90
342,F,D,1,1,5,0,0,4,4,U,5,5,1,1,1,1,3,5,87,92,91,87
1714,M,D,1,0,8,0,1,4,5,R,4,1,1,1,1,0,4,5,78,80,79,79
1219,M,H,0,1,4,0,1,3,4,R,4,3,0,0,1,0,4,4,78,79,88,76
1425,M,H,0,1,5,1,1,4,3,R,4,1,1,0,1,0,3,1,71,54,82,69
1538,F,D,0,1,2,0,1,5,2,U,1,4,1,0,0,1,3,4,68,63,82,86
355,M,D,0,0,1,0,1,4,5,U,5,5,1,0,0,0,4,5,72,70,65,73
580,M,H,0,1,2,1,0,3,3,U,5,5,1,0,0,0,4,5,81,34,68,95
103,F,H,1,1,8,1,0,5,4,R,4,3,1,1,2,1,3,2,72,89,79,87
1097,M,H,1,1,4,0,1,2,3,U,4,4,0,0,2,1,3,1,86,84,76,80
387,M,D,0,1,7,0,1,4,5,U,5,4,1,1,0,0,4,5,94,93,92,93
1484,F,D,0,1,2,0,1,3,2,U,3,3,1,0,1,1,5,5,82,86,59,86
69,F,D,0,0,3,0,1,4,5,R,2,4,0,0,0,0,15,4,76,70,69,71
205,F,H,1,0,2,0,1,2,2,U,3,3,1,0,0,1,3,3,94,98,84,65
912,F,H,1,1,6,1,1,3,5,R,2,5,1,0,0,1,4,5,51,73,52,83
1178,M,D,0,1,6,0,1,5,5,U,5,5,1,1,1,0,5,5,66,71,81,79
1378,M,H,0,1,6,1,1,4,5,R,3,1,1,0,4,0,3,3,45,56,41,47
1139,M,H,0,1,6,1,1,4,4,U,5,3,1,0,1,0,4,5,76,79,78,88
734,F,D,0,1,1,0,0,3,5,U,2,2,1,1,1,0,5,1,74,77,74,76
418,F,D,0,1,4,0,1,4,4,U,5,4,1,1,0,0,4,5,95,94,90,91
119,M,H,0,1,8,0,0,4,4,R,3,1,1,0,2,1,4,4,75,83,68,90
1579,M,D,0,1,4,1,0,5,1,U,1,2,1,0,1,1,3,2,50,52,53,55
1388,F,D,0,1,9,1,1,5,3,U,2,1,1,0,4,0,3,1,52,34,65,50
1606,F,D,1,0,7,1,1,4,3,U,0,0,1,1,2,1,3,4,79,83,84,84
834,F,D,0,0,0,2,0,4,3,U,4,2,1,1,1,2,5,3,100,94,99,96
532,F,D,1,1,3,0,0,5,5,U,4,4,1,1,1,0,4,5,81,77,79,80
1184,M,H,1,1,4,0,1,3,4,R,3,3,1,0,1,0,3,3,80,83,75,75
1114,M,D,0,1,2,1,1,4,4,R,2,2,1,0,0,0,6,5,29,50,45,41
536,F,D,1,1,6,0,0,4,3,U,4,4,1,0,1,1,6,4,94,67,83,78
1643,M,D,0,0,3,1,1,3,4,U,2,3,0,0,3,1,2,3,78,74,79,82
1022,F,D,1,1,5,0,0,2,5,U,5,4,1,0,0,0,7,5,81,54,41,71
1649,M,H,1,1,3,0,0,5,4,R,2,1,1,1,4,1,4,4,65,67,70,71
258,F,D,0,1,9,1,1,1,5,R,4,3,0,1,2,1,3,2,65,54,62,74
651,F,H,1,1,6,0,1,4,4,U,4,4,1,0,0,0,4,4,89,86,77,80
764,F,D,1,1,2,0,1,2,2,U,2,1,1,1,1,0,5,5,89,87,96,94
1269,F,H,0,1,4,1,1,4,5,R,2,3,0,0,1,0,5,5,89,80,76,71
883,M,D,1,1,3,2,2,4,5,U,2,3,1,0,0,2,4,3,97,90,96,92
1776,F,H,0,1,4,0,1,3,4,U,4,4,1,0,1,1,5,5,91,86,61,79
1322,M,D,0,0,5,1,1,3,4,R,3,3,1,1,1,1,3,4,89,92,79,82
196,M,H,1,1,4,1,0,5,5,R,5,2,1,1,3,0,3,5,92,90,86,99
551,F,D,1,1,6,1,1,5,2,U,2,4,1,1,0,1,3,5,89,76,99,95
1941,F,H,1,1,7,1,1,2,2,R,2,2,0,1,0,0,3,3,89,91,79,85
1024,M,H,1,1,4,0,0,2,5,R,5,3,1,0,0,1,3,5,49,53,77,58
1585,M,D,1,1,3,1,0,2,5,R,0,3,0,1,1,1,3,2,54,50,50,51
830,F,D,0,0,1,1,2,4,5,U,3,2,1,0,0,0,4,4,96,89,95,91
1934,M,D,0,0,4,0,0,3,3,U,3,3,0,0,1,0,4,3,92,88,80,87
915,F,H,0,1,3,0,0,2,4,U,5,5,0,1,0,0,7,4,75,90,50,91
959,F,H,0,1,5,0,0,5,4,R,4,1,0,1,0,0,8,5,68,92,84,81
1501,F,H,0,1,2,0,1,3,3,U,4,2,1,0,2,0,5,4,72,73,72,87
130,M,D,0,1,9,1,0,2,4,R,3,1,1,0,1,0,3,3,75,82,68,92
171,F,D,0,1,4,1,1,4,5,R,5,1,1,0,3,1,3,5,87,91,86,95
461,F,D,0,1,3,0,1,3,5,R,5,4,1,1,0,0,4,5,89,93,95,90
837,M,D,1,1,7,1,2,3,3,U,3,2,1,0,0,1,5,4,77,84,89,88
996,M,D,1,1,6,0,0,3,4,R,5,2,0,1,0,1,3,5,54,46,92,68
477,M,D,0,1,1,0,0,3,4,U,4,3,1,0,1,0,4,5,60,60,60,60
314,F,D,0,1,1,0,1,1,2,U,1,2,0,0,0,0,4,2,87,80,82,84
363,M,H,0,1,1,0,1,4,4,R,5,4,0,0,1,0,4,5,73,71,72,83
1057,M,D,1,1,1,1,0,1,5,R,2,2,0,0,3,1,4,4,72,88,87,80
872,M,D,0,1,0,0,2,4,5,U,5,5,1,1,0,1,4,5,86,95,98,94
2022,F,D,0,1,7,0,0,3,5,R,5,2,1,0,4,1,4,3,55,83,60,65
373,M,D,0,1,5,0,1,3,3,U,5,4,1,1,0,0,3,5,82,86,82,82
1695,M,H,1,1,4,1,1,3,4,R,2,2,1,0,1,0,3,5,72,71,75,72
1550,M,D,0,1,2,0,1,4,3,U,4,2,1,1,1,0,3,3,89,77,88,72
894,M,D,1,0,4,1,2,4,4,U,3,5,1,0,0,0,3,4,82,81,89,88
627,F,D,1,1,2,1,1,3,5,U,5,5,0,0,1,1,6,5,86,89,55,65
354,M,D,1,1,2,0,1,4,4,U,4,4,1,0,0,0,5,5,88,86,84,88
722,M,H,1,1,2,0,0,3,3,U,4,3,1,1,1,0,4,5,73,71,72,83
668,M,D,0,1,4,0,1,2,4,R,3,2,0,0,0,0,4,5,92,85,93,94
1880,F,H,0,1,5,0,1,4,4,U,4,4,0,0,1,0,3,3,91,87,75,80
1140,M,D,1,1,3,1,1,4,5,U,5,1,1,0,1,0,4,5,83,90,77,71
1911,M,D,1,0,6,1,1,4,4,R,4,4,1,1,2,1,5,4,89,90,78,84
1573,F,D,1,1,8,1,1,3,1,U,0,1,1,0,4,1,2,1,67,69,65,72
371,M,D,0,1,3,0,1,3,4,U,3,5,1,0,2,0,4,5,98,97,95,94
1032,F,D,0,1,2,0,0,1,3,R,1,1,1,0,3,1,3,5,89,87,57,70
535,M,D,0,0,0,0,0,3,3,U,3,1,1,0,2,0,5,3,76,77,78,80
1234,F,D,0,1,2,1,1,3,3,U,5,3,0,1,1,0,5,5,77,77,75,82
1918,F,D,0,0,4,0,0,5,5,U,5,5,1,1,1,0,4,2,92,91,81,86
1307,F,H,1,1,2,1,0,3,3,U,4,3,1,0,1,1,3,3,86,89,77,98
1636,M,H,0,0,3,1,0,1,5,R,4,3,0,0,2,1,2,4,89,85,87,88
442,M,H,0,1,3,0,1,2,5,U,5,2,1,1,0,0,4,5,86,81,84,87
633,F,H,0,1,2,1,1,4,5,U,4,5,0,0,0,0,4,5,98,80,91,84
1785,M,H,0,1,2,0,0,3,1,R,2,3,1,0,1,1,4,4,91,82,79,84
346,F,D,0,1,1,0,0,4,4,U,5,5,1,0,0,0,4,4,63,55,54,70
1957,F,D,1,0,6,1,1,4,4,R,4,4,0,1,2,1,5,4,90,92,76,81
1710,F,D,0,1,1,0,0,3,3,U,4,4,1,1,1,0,5,3,89,90,93,90
1240,M,H,0,1,4,0,1,3,3,U,4,4,1,0,1,0,6,4,83,79,86,76
1728,F,D,1,1,3,0,1,4,4,U,4,2,1,0,1,0,4,5,75,81,89,81
1052,M,D,1,1,1,1,0,3,5,R,4,4,1,1,2,0,5,5,85,90,91,90
1752,M,D,1,1,2,0,1,4,5,U,4,4,1,1,2,1,4,5,90,88,93,81
1421,M,H,0,1,14,1,0,5,5,U,2,1,1,0,1,0,3,3,70,87,64,74
43,M,H,0,0,1,1,1,1,2,R,2,3,1,0,0,1,11,4,67,88,94,83
870,M,D,1,1,5,0,4,5,3,U,4,3,1,1,0,0,4,3,84,97,96,93
899,M,D,1,0,6,2,2,5,3,U,5,2,1,1,0,2,4,3,87,96,94,92
1617,F,H,1,1,8,0,1,4,1,U,5,3,1,1,0,1,2,2,54,50,45,54
1618,F,H,0,1,5,0,0,2,2,U,4,1,1,0,0,0,4,2,86,88,89,88
1669,M,D,1,1,3,1,1,3,5,U,4,2,1,0,1,0,4,5,69,69,69,69
946,M,H,0,1,6,1,1,2,5,U,5,2,1,0,0,1,3,2,64,62,67,66
1284,F,D,1,1,3,1,0,3,3,U,3,2,1,1,1,1,3,4,84,89,76,92
489,F,D,0,1,2,0,1,3,5,U,1,1,1,0,1,0,5,5,82,71,80,81
220,F,H,0,1,8,0,1,3,2,U,3,1,1,1,2,0,5,3,98,65,67,47
787,M,D,1,1,1,1,1,5,3,U,2,1,1,1,1,1,4,4,83,79,74,77
1427,M,D,1,1,7,1,1,4,4,U,1,0,0,0,3,1,5,5,46,30,32,36
1007,M,H,1,1,4,0,1,5,3,U,2,3,0,1,0,0,7,5,58,59,71,59
44,M,D,0,0,3,0,0,4,4,R,1,4,0,0,1,1,10,1,77,71,81,76
681,F,H,1,1,5,1,0,3,4,U,5,5,1,1,0,0,5,4,56,67,55,68
2011,M,H,0,0,4,1,0,1,5,R,2,3,1,0,1,0,3,4,66,57,90,68
1974,M,D,0,1,10,0,1,1,5,U,2,3,0,0,0,0,3,4,71,62,68,79
2029,M,D,0,1,4,1,0,4,4,R,5,3,1,0,4,0,5,4,80,68,80,84
956,F,D,1,1,6,0,1,1,5,U,3,2,1,0,0,1,7,5,82,59,67,92
683,M,D,1,1,2,1,1,5,5,U,4,5,1,0,0,1,4,5,98,99,98,99
1675,M,D,0,1,2,1,0,3,4,U,2,1,1,0,1,0,4,5,94,92,94,93
537,F,D,0,0,2,0,0,4,1,U,4,4,1,0,1,0,3,4,76,89,81,89
1544,F,D,0,1,2,0,1,1,4,R,3,1,1,0,0,0,4,4,87,65,65,81
306,M,D,0,1,0,0,0,2,2,U,0,2,1,0,3,0,6,2,65,64,63,68
609,F,H,0,0,6,0,1,5,5,R,1,1,0,0,0,0,5,4,54,32,94,86
1870,F,H,0,1,4,0,0,2,3,R,2,2,0,0,0,1,5,2,88,91,79,86
181,M,H,1,1,7,1,0,5,5,R,5,3,1,1,3,1,3,4,80,82,79,95
321,M,D,0,1,4,1,1,5,5,U,3,3,1,0,0,0,4,5,75,77,78,77
1008,M,D,0,1,3,1,1,2,5,R,3,2,1,0,0,1,6,3,61,71,95,71
820,M,H,1,0,4,0,4,3,3,U,2,2,1,1,0,1,3,5,86,81,98,94
1831,M,H,1,1,3,1,0,3,3,U,3,2,0,0,1,1,3,4,94,82,68,81
1987,F,H,0,1,9,1,1,4,4,R,5,2,1,1,1,0,4,2,56,73,61,62
739,M,D,1,1,2,0,0,3,5,U,4,4,1,1,3,0,4,5,88,91,79,91
1194,F,H,0,1,5,0,1,3,3,R,1,1,0,0,1,0,4,4,79,75,80,79
1401,M,H,1,1,13,1,1,1,5,U,5,1,1,0,2,0,3,4,61,77,78,72
1379,F,H,0,1,5,0,0,2,3,R,4,2,1,1,2,1,5,1,34,36,30,33
138,M,D,0,1,9,1,1,4,5,R,4,3,1,1,4,1,4,3,79,82,75,96
25,F,D,1,1,7,1,0,2,4,R,5,4,1,1,1,1,9,5,75,66,95,78
359,F,H,0,1,2,0,1,2,4,R,4,4,0,1,0,0,3,4,78,77,80,86
260,F,D,0,1,3,1,0,1,5,R,4,3,0,1,1,1,3,1,74,58,45,83
930,M,D,1,1,4,0,1,2,4,R,2,2,1,0,0,0,6,5,82,87,71,83
473,F,D,0,1,5,1,1,3,5,U,3,1,1,0,1,0,3,4,75,73,73,77
1248,F,H,0,1,2,1,1,3,4,U,3,3,0,0,1,0,4,5,83,79,83,75
1353,F,D,0,0,3,1,1,5,1,R,5,5,1,1,1,0,6,1,89,92,78,85
448,M,D,0,1,8,0,1,4,5,U,5,5,1,1,0,0,3,5,96,97,94,93
340,F,D,1,1,5,0,0,2,4,U,5,5,1,0,0,0,6,5,86,84,87,85
1279,F,H,1,1,5,0,1,2,3,U,2,2,1,1,1,1,4,1,88,90,85,92
997,F,H,0,1,2,0,1,5,5,U,5,3,1,0,0,1,5,5,50,91,60,49
673,M,D,1,1,6,0,1,5,4,U,4,4,1,0,0,0,5,5,89,88,89,89
938,F,H,1,1,5,1,1,3,5,R,5,2,1,1,0,0,6,5,73,53,60,49
1157,M,D,1,1,6,0,1,4,5,R,4,3,0,0,1,0,6,5,71,85,83,66
1256,M,D,1,1,4,0,0,5,5,U,5,5,1,0,1,0,6,5,69,69,82,80
1888,M,H,0,1,5,0,1,4,4,R,4,4,0,1,2,1,6,4,90,87,75,80
6,M,D,1,1,3,1,1,5,2,R,4,3,1,1,0,1,4,5,90,94,82,88
1096,F,D,0,1,2,0,1,3,1,R,4,3,1,0,3,0,3,5,55,60,66,59
1277,F,H,1,1,4,0,1,5,3,U,5,3,1,1,1,1,6,1,90,92,78,90
115,F,H,1,1,8,1,1,3,5,U,1,0,0,0,1,0,3,5,78,82,68,95
170,M,H,1,1,7,1,0,3,5,R,4,1,1,0,3,0,3,3,75,79,68,92
1615,F,D,0,0,3,1,1,3,2,R,4,4,0,0,1,1,5,3,83,85,86,85
1920,F,H,0,1,5,0,1,4,4,U,4,4,1,0,3,1,6,5,88,88,77,82
1081,F,D,1,1,2,0,0,4,4,U,2,2,0,1,2,0,3,4,87,85,76,79
239,M,H,0,1,2,1,0,2,5,U,2,2,1,0,1,0,3,5,84,88,65,96
1265,F,H,1,1,4,1,1,4,5,R,1,1,0,0,1,0,5,5,81,81,91,67
1575,F,D,0,1,6,0,0,5,4,U,5,2,1,1,3,0,4,2,56,53,51,57
1909,M,H,1,1,7,1,1,2,2,R,2,2,0,0,0,0,3,2,88,91,79,85
208,F,D,0,1,2,0,1,3,2,U,3,3,1,0,0,1,4,3,75,85,98,75
757,M,D,1,0,2,0,0,4,5,U,4,2,1,1,2,0,5,4,79,77,79,76
1721,F,D,1,1,4,1,0,3,5,U,3,3,1,0,1,0,3,3,76,77,80,77
530,F,D,0,1,8,0,1,3,4,U,3,3,0,0,1,0,5,3,75,80,82,70
1917,M,H,1,1,7,1,1,4,4,R,4,4,0,1,0,0,3,3,89,92,79,85
1652,M,D,0,0,8,1,0,1,2,U,2,5,0,1,2,1,6,1,61,59,60,61
1706,M,H,0,1,1,0,1,3,3,U,4,4,1,1,2,0,3,5,80,80,80,80
1014,M,D,0,1,2,0,1,3,4,U,2,2,1,0,0,1,7,5,80,86,92,68
1822,M,H,0,1,3,0,0,4,4,U,5,5,1,1,1,1,3,5,94,94,79,89
921,M,D,1,1,2,1,0,2,5,R,3,3,0,1,0,0,6,3,47,54,77,98
87,M,D,0,1,3,0,0,5,3,U,5,0,0,0,0,1,2,1,71,82,84,79
1467,M,H,0,1,3,0,1,3,3,U,5,5,1,0,0,0,3,5,90,85,86,88
86,F,D,1,1,7,1,1,1,2,U,5,0,1,1,1,1,11,2,69,89,84,80
330,M,D,0,1,3,0,0,2,4,U,2,2,1,0,0,0,4,5,76,76,75,76
437,M,H,0,1,5,0,1,4,5,U,5,4,1,1,0,0,4,1,98,98,97,96
1910,F,D,0,1,4,0,0,3,3,U,3,3,0,1,1,0,4,3,92,89,76,81
1744,M,H,0,0,2,0,0,1,5,U,4,4,0,1,5,1,3,4,90,96,95,93
276,M,D,0,0,1,0,0,4,4,R,5,5,1,0,0,1,4,3,56,71,90,62
1206,M,H,0,1,2,1,0,4,5,U,4,3,1,0,1,0,4,5,84,83,66,60
1025,F,H,0,1,6,0,1,3,4,R,4,2,1,1,0,1,9,5,73,64,84,51
869,M,D,0,0,2,1,0,5,3,U,4,4,1,1,0,1,5,5,83,93,95,91
1901,F,H,1,1,7,1,1,3,3,U,3,3,0,1,0,0,3,3,87,90,79,85
1604,M,D,0,1,7,0,0,4,1,R,2,3,0,1,1,0,3,2,67,71,72,70
139,F,H,0,1,6,1,1,2,5,R,3,2,1,1,1,0,3,4,72,77,71,99
1893,M,H,1,1,7,1,1,3,3,R,3,3,0,0,3,1,6,4,92,89,76,81
724,F,D,0,1,1,0,0,4,2,U,4,4,1,1,1,0,4,4,72,71,69,76
101,F,H,1,0,6,1,0,4,3,U,2,1,1,0,1,1,5,2,62,50,60,85
348,F,D,1,1,1,0,0,2,2,U,5,5,1,0,0,0,5,2,75,65,70,80
467,M,H,0,1,3,0,0,4,4,U,5,5,1,0,0,0,4,5,94,93,90,92
708,M,H,0,1,2,0,1,5,5,U,5,4,1,1,0,0,3,4,76,75,80,77
1529,M,D,0,1,2,0,1,1,3,U,3,2,1,0,3,0,4,4,80,80,89,80
464,M,D,0,1,8,0,1,4,4,U,5,5,1,1,0,0,3,5,97,96,96,95
1853,F,H,1,1,4,0,0,3,3,U,5,5,1,1,1,0,3,5,95,90,69,85
640,F,H,0,1,4,0,0,3,4,U,4,3,1,0,0,0,5,5,80,79,79,77
1993,F,D,1,1,6,1,0,2,3,R,3,2,1,1,1,0,4,5,62,57,61,62
193,M,D,1,1,5,1,0,5,4,R,5,3,1,1,2,1,4,4,79,82,75,91
1621,F,D,0,0,3,1,1,2,5,R,5,4,0,0,1,1,4,1,73,69,69,75
1555,M,D,1,1,2,0,1,1,5,U,4,2,1,0,0,0,3,3,95,70,77,67
810,M,D,1,0,1,1,3,3,5,U,2,2,1,1,0,1,4,5,76,89,88,89
1955,F,H,0,1,5,0,1,4,4,U,4,4,0,0,3,1,6,5,87,90,77,82
41,F,D,1,1,1,1,1,3,3,R,0,2,0,0,1,0,7,4,66,85,72,74
1382,M,H,1,1,8,0,1,2,3,U,2,1,1,0,0,1,5,2,81,73,96,83
1466,M,D,1,1,4,0,1,3,3,U,5,1,1,0,0,1,3,2,88,86,71,82
1981,F,H,1,1,9,0,1,2,4,R,5,3,1,0,1,1,3,3,77,84,73,85
711,F,D,1,1,2,1,0,1,3,U,1,1,0,1,2,1,3,4,70,74,79,79
1814,M,D,0,1,1,0,0,1,1,U,5,5,0,0,4,1,4,5,62,69,72,68
1460,M,D,1,0,9,0,0,4,3,U,3,2,1,1,1,0,4,1,49,62,49,53
14,F,D,1,1,5,1,0,5,2,U,2,3,1,0,0,0,12,2,84,73,72,76
1079,M,D,0,0,2,0,0,4,5,U,4,2,1,0,3,0,4,4,78,75,60,72
1861,M,H,1,1,6,0,6,1,5,U,5,1,1,0,1,0,4,5,83,92,69,81
1597,F,D,1,1,1,1,0,4,1,R,3,5,1,1,2,1,6,4,70,69,67,73
1470,F,D,0,1,2,0,1,2,3,U,3,5,1,0,0,0,6,5,90,86,75,70
625,F,D,1,1,2,1,1,3,5,R,4,5,0,0,0,1,4,5,97,76,56,95
1203,F,H,0,1,4,1,1,3,5,U,1,1,0,0,1,0,4,5,85,82,66,58
31,M,D,0,1,8,0,1,1,4,U,4,0,1,0,0,1,9,1,83,87,69,79
17,M,H,0,1,4,1,0,3,1,U,5,3,0,0,0,0,3,3,73,85,72,76
746,M,H,1,1,3,0,1,3,5,R,4,4,1,1,1,0,6,2,86,89,77,97
881,M,H,1,1,1,2,0,3,4,U,5,5,1,1,0,1,5,3,95,96,94,92
1561,M,D,1,1,1,0,1,2,2,U,3,2,1,0,0,0,4,5,83,51,63,78
1285,M,H,1,1,4,0,1,3,3,U,3,2,1,1,1,1,3,4,86,91,78,98
29,F,D,1,0,7,1,1,1,3,R,2,1,1,1,0,1,3,4,82,73,86,80
972,M,H,0,1,6,1,1,3,3,R,5,1,1,0,0,0,3,2,73,81,95,71
1059,M,D,0,1,2,0,1,3,5,R,3,4,1,0,3,1,3,5,50,56,61,54
602,M,H,1,1,4,0,0,4,5,U,4,0,1,0,0,0,4,4,83,34,96,95
1356,F,H,1,1,2,1,0,4,5,U,4,4,1,0,0,1,4,5,85,88,76,91
995,M,H,1,1,5,1,0,5,5,U,5,1,0,0,0,1,6,5,83,52,84,81
1990,M,H,1,0,9,1,0,3,3,U,2,1,1,0,4,1,5,1,74,71,86,72
248,F,D,1,1,5,1,0,5,5,R,1,3,1,0,3,1,3,4,99,91,95,96
882,M,D,0,0,7,2,3,4,5,U,4,2,1,1,0,1,4,5,96,88,95,93
726,F,D,0,0,2,1,1,3,4,U,3,3,1,1,1,1,4,5,89,92,81,93
414,F,D,1,1,4,0,1,4,4,U,5,5,0,1,0,0,4,5,71,71,67,69
1977,F,H,0,0,9,0,1,1,4,R,5,2,0,0,4,1,3,4,52,57,85,63
206,M,D,1,0,5,0,1,4,2,U,3,3,1,0,0,1,4,3,96,97,87,65
1013,F,H,0,1,2,0,1,3,5,R,2,4,1,1,0,1,8,3,95,54,84,81
879,M,D,0,0,0,2,1,3,5,U,2,4,1,0,0,0,4,5,93,89,92,89
1913,F,H,1,1,7,1,1,3,3,R,3,3,1,0,0,0,3,3,88,88,77,83
136,M,H,0,1,8,1,1,4,4,R,3,1,1,0,4,1,4,3,70,65,66,99
1423,F,H,0,1,14,0,1,4,4,U,4,3,1,1,2,1,3,2,54,70,44,56
1347,F,H,1,1,3,0,1,4,3,U,3,3,1,1,0,1,4,3,89,92,80,85
300,M,D,0,1,2,0,1,2,2,R,3,1,0,1,0,0,2,2,77,78,80,77
865,F,H,1,0,5,2,2,5,3,U,4,2,1,1,0,0,3,5,79,99,91,95
10,F,H,0,1,7,0,0,5,2,U,4,2,0,0,0,1,15,1,66,66,89,76
908,F,D,1,1,4,1,2,4,5,U,3,4,1,1,0,0,3,5,96,97,92,94
1679,F,H,0,1,5,1,1,3,4,U,4,4,1,0,1,0,6,4,82,97,100,93
679,M,D,0,1,7,0,1,5,3,U,4,4,1,1,0,0,4,4,88,78,82,85
686,M,H,1,1,6,1,1,3,5,R,3,1,1,0,0,0,4,2,53,62,62,59
515,M,D,0,1,2,0,1,4,5,U,1,1,1,1,1,0,5,5,79,78,77,75
374,F,H,1,1,6,0,1,4,5,U,4,5,1,0,0,0,4,4,67,69,68,67
1487,F,D,0,1,2,0,1,3,3,U,4,5,1,0,0,1,3,4,94,65,78,70
1402,M,H,0,1,7,0,0,3,4,R,1,0,0,0,0,1,4,1,64,80,74,73
1210,M,H,0,1,2,0,0,3,5,U,4,2,1,0,1,0,4,5,81,76,22,65
186,M,D,1,1,8,1,1,4,4,R,4,1,1,0,3,1,5,5,92,95,89,99
1782,F,H,0,1,2,0,1,4,4,U,5,5,1,1,1,1,5,4,97,94,72,88
1851,M,H,1,1,4,1,1,2,4,R,5,3,1,0,1,0,4,5,90,90,80,87
1503,F,D,1,1,2,0,1,2,2,U,3,3,1,1,1,0,3,3,68,89,88,86
450,M,H,0,1,6,0,1,4,5,R,5,5,1,1,0,1,4,5,69,70,66,72
343,M,D,0,1,2,0,1,4,5,U,5,5,1,0,0,0,4,5,77,72,72,75
1092,F,H,1,1,1,0,1,4,5,U,1,1,1,1,4,1,3,5,86,88,74,80
159,M,D,0,1,7,1,0,4,5,R,2,1,1,0,3,0,3,3,85,82,73,99
1161,M,H,1,1,4,1,1,5,5,R,5,5,0,0,1,0,4,5,92,93,84,66
1283,M,H,1,1,5,0,1,4,4,U,4,2,1,1,0,1,4,4,91,94,79,91
1594,F,H,1,0,3,1,0,1,1,U,2,1,0,0,1,1,5,3,79,80,83,82
1756,M,D,0,1,1,0,1,3,4,R,2,2,1,0,2,1,4,3,63,72,93,76
1753,M,D,1,1,2,0,1,2,5,R,3,1,1,0,4,1,4,5,63,79,84,75
463,F,D,0,1,3,0,1,5,5,U,5,4,1,1,0,0,4,5,71,72,70,70
305,F,D,0,1,8,1,1,2,4,U,0,2,1,0,1,0,4,4,61,61,61,72
1490,M,H,1,1,2,0,1,3,3,U,4,5,1,0,2,0,3,5,87,69,45,85
1610,M,H,0,1,3,0,1,1,4,R,0,1,1,1,3,1,2,4,75,74,78,79
462,M,H,1,1,6,0,1,4,5,U,5,5,1,0,0,0,5,4,48,83,63,70
945,M,H,0,1,2,0,1,3,3,U,2,3,0,1,0,1,5,5,90,71,77,61
1928,M,H,0,1,5,0,1,3,3,U,3,3,0,1,3,1,6,4,89,90,76,80
1018,M,D,1,1,1,0,0,3,3,U,2,1,0,0,0,1,7,4,84,71,68,41
680,F,H,1,1,4,0,0,3,4,U,4,4,1,1,0,0,4,4,97,99,92,94
529,F,H,0,1,2,0,1,3,4,R,3,3,0,1,1,0,3,4,78,77,80,86
1639,F,H,1,0,5,0,0,2,2,R,0,3,0,0,3,0,6,5,66,61,65,67
1474,F,D,0,1,2,0,1,3,4,U,4,3,1,1,3,0,1,4,93,86,60,83
1932,F,H,0,1,5,0,1,4,4,U,4,4,1,0,3,1,6,5,87,90,77,82
241,F,H,1,1,1,1,0,3,5,U,2,1,1,0,4,1,3,4,77,95,63,90
1944,M,H,1,1,7,1,1,3,3,R,3,3,1,1,0,0,3,3,88,90,79,86
960,M,D,0,1,4,0,1,3,4,R,5,5,1,1,0,1,2,2,48,60,92,68
1346,M,D,0,0,4,1,0,2,4,R,2,2,1,0,0,1,6,1,87,90,79,89
1560,F,D,0,1,1,0,1,3,2,U,3,3,1,0,0,0,3,5,58,90,68,75
1569,F,D,0,1,5,0,0,4,2,R,0,3,0,1,0,1,6,2,86,91,89,93
1896,M,H,0,1,5,0,1,5,4,R,5,4,0,0,2,1,5,5,91,88,82,87
540,M,D,0,1,2,0,1,1,5,R,1,2,1,0,0,0,3,4,93,56,93,90
1124,F,D,0,1,2,1,1,2,1,U,4,2,1,0,0,1,4,5,91,94,88,89
1506,F,D,1,1,1,0,1,3,3,U,3,1,1,1,1,0,1,4,83,90,75,80
1762,M,D,0,1,1,0,0,3,5,U,4,4,1,1,1,1,4,3,54,85,98,79
1365,F,H,1,1,3,0,1,3,2,U,3,2,1,1,0,1,3,2,86,89,77,57
59,F,H,1,1,1,1,1,5,3,R,0,0,1,0,0,1,3,3,73,96,84,84
741,M,H,1,1,2,0,1,4,5,R,4,3,1,0,1,0,4,4,87,90,88,87
1132,F,H,1,1,1,0,0,3,4,R,3,3,1,0,1,0,4,5,86,94,89,86
725,F,D,1,1,3,0,1,5,2,U,4,4,1,1,1,0,4,3,54,65,89,97
1086,F,H,0,1,2,0,1,4,2,R,2,1,1,0,3,1,3,5,87,88,90,90
1641,M,D,1,0,8,0,1,5,5,R,3,4,0,1,0,0,4,1,82,87,88,86
465,F,D,0,1,6,0,1,3,5,R,5,4,1,1,0,0,4,5,96,95,95,93
1016,F,D,1,1,6,1,1,2,4,U,4,5,1,0,0,1,3,4,59,51,73,73
1616,F,D,0,1,3,0,0,5,3,R,0,3,1,1,3,0,2,2,70,66,63,67
407,M,H,0,1,3,1,1,3,5,R,5,3,1,0,0,0,4,5,92,93,95,92
366,F,D,1,1,6,0,0,4,2,U,5,5,1,0,0,1,6,4,94,67,83,78
154,F,D,0,1,4,1,0,5,4,R,3,2,1,1,2,1,3,3,79,85,82,94
1173,M,H,0,1,0,1,1,2,5,R,2,1,0,0,1,0,5,4,79,81,75,93
948,M,H,0,1,4,0,1,2,3,R,5,2,1,0,0,0,5,5,56,61,80,53
544,M,H,1,1,2,0,0,1,3,R,4,3,0,0,0,1,4,4,98,98,88,94
231,M,H,0,1,7,0,1,5,5,R,2,4,1,1,1,0,7,5,86,88,92,87
941,F,H,0,1,2,0,1,3,3,U,5,2,1,1,0,1,7,5,90,41,68,77
2020,F,H,1,1,5,1,1,1,3,R,3,1,1,0,2,1,5,2,77,83,68,74
1075,F,D,1,1,2,0,1,4,5,R,2,2,1,1,0,1,5,4,76,80,82,81
833,M,H,1,1,4,1,4,5,4,U,4,5,1,0,0,0,3,5,99,93,98,94
1037,M,D,0,1,2,0,0,3,3,U,2,2,1,0,2,1,3,4,67,77,87,79
1680,F,D,0,1,3,0,1,3,4,U,2,3,1,0,1,0,5,3,85,84,85,84
973,F,D,0,1,4,1,1,5,5,U,2,4,0,1,0,1,6,3,41,94,80,84
1136,M,H,0,1,3,1,1,4,5,U,4,3,1,0,1,0,5,5,90,97,78,77
1245,F,H,0,1,2,0,1,3,4,R,4,1,0,0,1,0,5,4,83,83,75,86
796,F,D,0,1,3,0,1,4,1,U,4,2,1,1,1,0,6,5,87,90,83,88
935,F,D,0,1,4,0,0,2,3,U,2,3,0,0,0,1,2,3,82,53,71,50
885,F,D,1,1,5,0,3,3,3,U,4,3,1,1,0,2,5,3,99,97,98,95
1961,M,H,1,0,8,1,1,5,4,R,2,1,1,1,3,0,5,4,51,60,82,64
350,F,H,0,1,5,1,1,2,4,U,4,2,0,0,0,0,6,5,72,72,73,73
77,M,H,1,0,5,1,1,1,3,U,2,0,1,1,1,1,7,5,86,94,85,88
1217,M,D,0,1,5,0,1,4,5,U,3,4,0,0,1,0,4,5,76,80,76,95
892,M,D,1,0,3,0,3,5,5,U,4,2,1,0,0,2,5,3,80,94,98,94
1805,M,H,1,1,2,0,0,3,3,U,3,3,1,0,1,0,4,4,93,90,77,87
806,F,D,0,0,2,0,0,5,5,U,2,1,1,1,1,0,4,4,90,80,89,85
1098,F,D,0,1,4,0,0,2,5,R,3,1,0,0,1,1,3,4,76,72,89,75
1746,M,D,1,1,1,1,1,3,4,R,3,4,1,0,1,0,4,3,67,93,92,88
1260,M,H,0,1,3,1,0,3,5,U,2,1,0,1,1,0,3,3,75,76,88,78
1653,M,D,1,0,8,0,1,2,2,R,4,2,1,1,3,0,5,4,51,54,50,51
1705,M,H,0,1,2,1,1,3,3,U,5,4,1,0,1,0,3,3,94,94,85,91
974,M,D,0,1,2,1,1,4,5,R,3,1,1,0,0,1,5,5,69,51,67,92
1437,F,D,0,1,3,1,1,3,4,R,5,2,1,1,2,0,4,2,78,92,89,86
1281,M,D,1,1,4,0,1,3,3,U,3,3,1,1,1,1,3,1,90,92,76,97
70,F,H,0,0,4,0,0,4,2,R,5,4,0,0,0,1,13,5,88,81,84,84
412,F,H,0,1,4,0,1,4,2,U,5,4,1,1,0,0,4,5,96,97,95,96
92,M,D,1,1,1,1,1,5,3,R,3,2,0,0,1,0,8,1,94,92,88,91
761,M,D,0,0,1,0,0,1,5,U,4,2,1,1,3,0,6,5,56,73,49,88
1252,M,H,0,1,8,1,1,4,4,U,4,4,1,0,1,0,4,4,84,82,75,93
253,M,D,1,0,6,0,1,1,5,R,4,3,0,1,3,1,3,2,62,76,84,73
332,M,H,0,1,1,1,1,2,5,R,2,2,0,0,0,0,4,5,74,77,74,76
1187,M,H,1,1,3,0,1,3,5,R,2,1,0,0,1,0,4,3,83,80,98,75
2030,F,D,1,1,7,0,1,1,3,R,1,3,1,0,4,1,4,4,63,64,75,61
543,F,H,0,1,3,1,1,2,3,U,5,3,0,0,0,0,4,5,89,77,39,93
1190,M,H,0,1,2,1,0,3,4,R,3,2,0,0,1,0,5,4,93,96,78,88
128,M,H,0,1,6,1,1,5,3,R,4,2,1,1,2,0,3,4,59,70,64,96
1699,M,D,1,1,8,0,1,3,4,U,4,1,1,0,1,1,5,3,92,90,89,90
1660,M,H,1,1,4,0,1,5,1,R,2,5,0,1,1,1,4,2,74,77,73,77
572,M,D,0,1,2,0,0,4,4,U,1,2,1,0,0,0,5,5,93,34,74,92
550,M,H,1,1,4,0,0,4,3,R,4,5,0,1,0,0,2,4,98,89,78,96
1496,F,H,0,1,3,0,1,3,2,U,4,5,1,1,3,0,3,4,96,69,80,65
27,F,D,0,1,5,0,0,4,4,U,3,2,0,0,0,1,2,4,80,84,88,84
615,F,H,0,1,5,1,0,5,5,U,1,5,0,0,0,0,4,5,69,90,95,87
1278,M,D,0,1,2,1,0,4,4,R,4,5,1,0,2,0,5,4,89,91,80,95
